cvegeo,mun_n_muestra,mun_pob_expandida,mun_pob_ocupada,mun_tasa_desocup,mun_tasa_particip,mun_ing_medio_ocup,mun_ing_mediana_ocup,mun_ing_p25_ocup,mun_ing_p75_ocup,mun_esc_media,mun_hrs_media_ocup,mun_cobertura_ing_%,mun_tasa_informalidad,mun_acceso_salud,mun_ing_mediana_sm
01001,6365,1028805.0,482303.0,0.020171382600074762,0.595771287595866,13125.717011422792,10000.0,7740.0,15000.0,9.151930441720106,41.62710370866447,53.3197139938713,0.4005117115174486,0.5325448939774374,0.3590064704654561
01002,812,82478.0,34955.0,0.040488608289870984,0.5998679759056028,9052.526279921629,8600.0,6450.0,11957.750000000002,7.16233600737891,41.15471320268917,67.83625730994152,0.6787011872407381,0.29849806894578745,0.6731371321227301
01003,416,43164.0,17220.0,0.026128266033254157,0.5157658314616573,10332.531518624643,9030.0,7000.0,12287.975460122698,7.589055694560281,41.73060394889663,62.42424242424243,0.6245644599303136,0.2695702671312427,0.6731371321227301
01004,204,24274.0,10659.0,0.006061171204774338,0.5779672059941362,9359.482629983679,8600.0,6000.0,11136.826568265682,7.70618769053308,42.077117928511115,80.0,0.5409513087531663,0.4590486912468337,0.7514088916718847
01005,964,105892.0,49715.0,0.0201237779880164,0.6192523982798545,11884.71489491319,9460.0,7000.0,12900.0,8.454198617459298,44.66919440812632,48.63013698630137,0.4386402494217037,0.5291964195916725,0.0
01006,213,25918.0,10907.0,0.0346933356934242,0.5525453567411609,12823.672035480859,10750.0,8000.0,14000.0,8.178102926337033,44.36031906115339,79.34782608695652,0.5032547905015128,0.4422847712478225,0.8975161761636402
01007,781,99263.0,42998.0,0.028754715276366017,0.5861986054339986,9192.002861230329,8600.0,5160.0,11180.0,7.951322547639068,41.65163495976557,67.16867469879519,0.5795618400855854,0.37471510302804784,0.5289946582803651
01008,52,3224.0,1364.0,0.0,0.5365853658536586,9097.692307692309,9600.0,5600.0,12900.0,8.882352941176471,44.31818181818182,59.09090909090909,0.45454545454545453,0.4090909090909091,0.485284909204759
01009,262,29093.0,12305.0,0.015127261085320955,0.5912301353737492,9790.048708654282,8600.0,6450.0,12183.333333333338,6.7544592030360535,42.09199512393336,73.63636363636363,0.5559528646891507,0.4017066233238521,0.7736080724908464
01010,264,29359.0,11707.0,0.005268077151839579,0.570203488372093,9285.33761554128,8600.0,6004.6551724137935,10750.0,6.608161040907388,43.38019988041343,50.467289719626166,0.6800205005552233,0.3146835226787392,0.4487580880818201
01011,424,59926.0,24180.0,0.021290374807739012,0.5768149882903981,10147.306803107826,9816.822429906542,7740.0,12040.0,6.820178219804426,43.06985111662531,62.5,0.41550868486352355,0.5700992555831266,0.8077645585472761
02001,1190,557705.0,229158.0,0.0256556345453927,0.5206484418755493,14748.855751723726,13760.0,10750.0,17200.0,9.032960443518055,43.25338412798157,60.37344398340249,0.38530620794386405,0.4980013789612407,0.6413124533929903
02002,6303,999428.0,481176.0,0.024599086580270865,0.6024907002281837,14743.993631664176,12900.0,10750.0,17200.0,9.126818182731508,38.05504222987015,52.84015852047557,0.37699511197565966,0.5660402846359752,0.32065622669649513
02003,536,93332.0,42981.0,0.023292278325682862,0.5778933406873367,13015.490891082103,12900.0,10750.0,15050.0,8.553604337204817,42.14618087061725,59.67078189300411,0.36374211861054884,0.5932156068960703,0.8016405667412378
02004,6705,1913837.0,909281.0,0.02251813533886316,0.6012537500849534,14996.81072329968,13760.0,11180.0,17200.0,8.77086150335635,39.26247441659949,59.479786900658105,0.36152520507961783,0.5706739720724396,0.6720662018635566
02005,171,46223.0,16583.0,0.056121577779042635,0.4897145724160999,13374.526898557207,12900.0,10750.0,17200.0,7.829695173398525,39.51456310679612,58.730158730158735,0.43604896580835795,0.44244105409153955,0.49082964849768423
02006,545,219804.0,94701.0,0.021643456341171124,0.6403715366905713,11960.51212158253,10527.194336479733,9735.882967607105,12918.751643535426,6.086131280595439,45.684470068953864,72.53218884120172,0.4921806527914172,0.48740773592675896,0.7695749440715883
03001,394,85906.0,39238.0,0.03847284846108606,0.6171622152989927,13531.966438465213,10000.0,7983.345588235294,16000.0,8.625835215235258,38.67814363627096,81.66666666666667,0.3691319639125338,0.4906213364595545,0.8975161761636402
03002,660,87725.0,44201.0,0.013084153883939536,0.6639492753623188,10931.768070194212,9890.0,6450.0,13908.88888888889,7.545326621668002,37.321259700006784,84.22712933753942,0.4437456166150087,0.45949186669984843,0.8975161761636402
03003,4780,330054.0,179372.0,0.015969673529621524,0.6556630107875449,16362.880153980332,12900.0,8600.0,18000.0,9.826419976553911,37.00677920745713,72.15533980582525,0.3939801083781192,0.5325691858261045,1.0436234606553956
03008,2131,424906.0,221541.0,0.02307583761806909,0.6932000281889518,17858.985562967166,15050.0,10000.0,21500.0,8.404297179091591,42.323041784590664,81.46473779385171,0.37895017175150425,0.5480791365932265,1.3462742642454602
04001,672,72983.0,37056.0,0.00983326207781103,0.6644441663836405,7563.59598452508,5785.042194092829,2150.0,9030.0,7.3508077223463,36.10780980138169,80.06042296072508,0.7875647668393783,0.17881044905008636,0.40422310820129514
04002,5640,260553.0,122625.0,0.024773341816446637,0.5784607016589611,11043.650521673555,9600.0,7000.0,13335.898876404493,9.747430401917404,40.02061569826707,85.56351300414626,0.46230377166156983,0.47976350662589196,0.8975161761636402
04003,6434,276331.0,132626.0,0.053563782719150514,0.6294165907432338,12295.490094172921,9030.0,5160.0,15050.0,8.4779976012628,38.2827424486903,72.35639686684074,0.5656884773724609,0.3797520848099166,0.6731371321227301
04004,785,68353.0,30702.0,0.012956116380003215,0.602852484136495,9388.857465111832,6450.0,4474.5901639344265,9030.0,6.230664420188997,36.64696111002541,84.593837535014,0.8075369682756823,0.1145202266953293,0.6598847707175824
04005,245,27079.0,11697.0,0.009652019304038608,0.5503727865796831,10831.74816347646,10750.0,7740.0,14000.0,9.591380774770117,38.852269812772505,83.01886792452831,0.39010002564760193,0.5627083867658373,0.9423919849718222
04006,520,68523.0,23883.0,0.005165160161619528,0.5384100302477545,8402.726817042607,7203.51111111111,3440.0,10320.0,5.146257460998497,38.18477578193694,78.57142857142857,0.769166352635766,0.11200435456182221,0.5385097056981841
04007,145,13025.0,5830.0,0.0,0.5506743737957611,9730.506557688652,6023.450704225353,3870.0,14390.350877192981,8.013973128598849,34.708233276157806,89.23076923076924,0.6291595197255575,0.31217838765008576,0.6282613233145481
04009,403,51322.0,23183.0,0.01483086860445351,0.6170062141115393,9389.08449304175,8600.0,6020.0,12009.815950920245,7.486535988464985,43.91800025881034,94.44444444444444,0.6077298020100936,0.29081654660742784,0.8975161761636402
04010,183,26075.0,12325.0,0.012103238217377365,0.6525956432209818,6551.081941486381,6313.333333333333,2580.0,9004.248251748251,6.039117929050815,37.941501014198785,72.41379310344827,0.8184178498985801,0.12503042596348884,0.359634104155081
04011,424,46215.0,19720.0,0.0,0.6052343236389819,8260.216517575911,6450.0,4300.0,9460.0,6.425814129611598,43.50268762677485,81.76795580110497,0.8281947261663286,0.07018255578093306,0.6282613233145481
04012,75,9150.0,3172.0,0.037037037037037035,0.4576271186440678,7696.136363636364,6987.5,5000.0,8600.0,7.506666666666667,34.34615384615385,84.61538461538461,0.6923076923076923,0.2692307692307692,0.5935608432477562
04013,74,15762.0,8094.0,0.0,0.6440677966101694,6834.7,6425.0,2580.0,10000.0,6.648648648648648,36.86842105263158,78.94736842105263,0.7631578947368421,0.21052631578947367,0.49363389689000203
05002,332,225754.0,106531.0,0.01690613954947722,0.6311255809619215,12781.846917386627,12040.0,8600.0,13760.0,7.925666876334417,39.43032544517558,82.89473684210526,0.32146511344115797,0.6368568773408679,0.8044504408927019
05003,96,39481.0,14910.0,0.02043229748373957,0.4990491803278689,11559.527610999927,12000.0,6450.0,14468.649517684888,7.371165877257415,40.215224681421866,88.57142857142857,0.4302481556002683,0.5697518443997317,1.2523481527864746
05004,241,33313.0,18064.0,0.030953275038892763,0.7237817899437002,13897.647663423324,10750.0,8027.66550522648,15050.0,8.499744844355057,41.50088573959256,81.14754098360656,0.3662533215234721,0.58303808680248,1.0321436025881863
05006,67,10949.0,3888.0,0.17469751645085968,0.5250904159132007,9283.324445691833,8904.0990990991,7052.871621621622,12900.0,8.427801625719244,36.22839506172839,80.76923076923077,0.49588477366255146,0.48739711934156377,0.8975161761636402
05007,83,8632.0,3536.0,0.02857142857142857,0.5555555555555556,9720.344827586207,8600.0,6337.5,12225.0,7.734939759036145,43.6764705882353,85.29411764705883,0.4411764705882353,0.5588235294117647,0.8213316635357963
05009,253,96429.0,43731.0,0.024580108402292952,0.5903457273320287,10742.39475676946,9192.610759493671,6450.0,12563.902147971361,7.9497409542040325,40.87413962635202,86.4406779661017,0.41771283528846814,0.5020694701699023,0.8975161761636402
05010,281,244753.0,96344.0,0.03814705735536365,0.5406287950344083,9945.002960545486,8600.0,6450.0,11006.077235772358,7.951783960585627,41.47068836668604,90.82568807339449,0.38056339782446236,0.5966121398322677,0.8975161761636402
05017,610,107623.0,53843.0,0.01379221921019855,0.6344643825603056,10766.948205527799,9890.0,7237.637540453074,12900.0,8.367035482640214,39.41310848206824,80.19801980198021,0.4491391638653121,0.5019408279627807,0.9423919849718222
05018,441,259836.0,103477.0,0.045916814958923816,0.5198508371239173,11439.227875176655,10750.0,7740.0,14000.0,8.987328735419366,43.94608463716575,76.24309392265194,0.37477893638199794,0.5790465514075591,0.8975161761636402
05019,51,9282.0,3276.0,0.0,0.42857142857142855,12121.764705882353,11180.0,8600.0,13652.499999999998,8.901960784313726,47.05555555555556,94.44444444444444,0.2777777777777778,0.6666666666666666,1.1443331246086412
05020,100,16684.0,5160.0,0.06521739130434782,0.375,9928.082021541011,9279.511111111111,8600.0,11004.605263157895,9.413090385998562,40.02868217054264,93.54838709677419,0.24651162790697675,0.724031007751938,0.9360142860455948
05021,47,8319.0,4071.0,0.041666666666666664,0.7058823529411765,9745.285714285714,10320.0,6337.5,12010.0,8.27659574468085,30.26086956521739,91.30434782608695,0.34782608695652173,0.6521739130434783,1.0321436025881863
05022,59,55432.0,19884.0,0.08101862550261127,0.5334829133586468,11605.292063679943,10750.0,8600.0,12900.0,6.17419541059316,43.963488231744115,85.71428571428571,0.46861798430899215,0.4432206799436733,0.8016405667412378
05023,32,15360.0,6240.0,0.1875,0.64,10651.818181818182,10000.0,8600.0,15265.000000000002,7.84375,30.615384615384617,84.61538461538461,0.38461538461538464,0.6153846153846154,0.7375093214019388
05025,287,166374.0,84786.0,0.03779109355849108,0.6447071907284381,16357.359158490948,12900.0,9163.896039603962,17200.0,9.16509190137882,41.35108390536173,79.86111111111111,0.30400066048640106,0.6370863114193381,0.8016405667412378
05027,1036,197025.0,85045.0,0.038691956413618486,0.6206930422153777,13568.840401385736,12040.0,8732.417582417582,15050.0,8.236797360741022,38.362760891292844,79.15742793791574,0.26592980186959847,0.7049797166206127,1.1218952202045502
05028,556,158111.0,66629.0,0.035913241018072375,0.5611708822215907,10627.22520097744,9460.0,6450.0,12900.0,8.238503329939093,39.09644449113749,80.59071729957806,0.39749958726680573,0.5768058953308619,0.8975161761636402
05030,5593,1009532.0,445552.0,0.03554536736995452,0.5932595488009799,13837.947238775598,12040.0,8600.0,15050.0,8.897589233249535,42.157534922971955,75.17269402681836,0.28888210579236545,0.6773620138614572,1.0436234606553956
05032,80,3528.0,1113.0,0.0,0.3672055427251732,14329.301355578727,12395.327102803738,8193.457943925234,14000.0,10.76218820861678,39.35579514824798,91.30434782608695,0.1347708894878706,0.7268643306379156,1.1218952202045502
05033,263,66797.0,27877.0,0.02237418902332106,0.638630417472415,9704.817675257098,8600.0,6450.0,10750.0,6.677979549979789,40.609965204290276,87.96296296296296,0.5272805538616063,0.35132905262402697,0.8975161761636402
05035,5334,823951.0,401333.0,0.02849403540028661,0.6295513279428983,11772.144272447898,10320.0,8000.0,12900.0,9.253235122093873,39.1742194138035,73.46702661010413,0.3616971442667311,0.5755245643891731,0.8975161761636402
05038,51,9894.0,3492.0,0.05263157894736842,0.4222222222222222,12698.125,10375.0,8385.0,12900.0,7.333333333333333,40.166666666666664,88.88888888888889,0.3333333333333333,0.5555555555555556,0.6935123042505592
05999,47,23688.0,7560.0,0.0,0.45454545454545453,9016.666666666666,9600.0,6772.5,11687.5,6.787234042553192,35.46666666666667,100.0,0.4666666666666667,0.5333333333333333,0.7158836689038032
06001,341,34692.0,19387.0,0.031811825809029165,0.7103246330706384,10084.39751552795,8600.0,5500.888157894738,12716.937172774866,6.81249279372766,39.351936864909476,73.2620320855615,0.6306287718574303,0.3141280239335637,0.735867892122949
06002,2774,153157.0,77265.0,0.01357113675824737,0.6279382081654644,12278.371007058138,10000.0,7525.0,15050.0,9.493439989509229,37.105571733643956,70.52480230050323,0.4579563838736815,0.4547595936064195,0.8526403673554581
06003,204,15015.0,7992.0,0.014792899408284023,0.7056330566837365,8843.676355902162,8429.299363057326,4300.0,10687.938144329897,7.255810855810855,35.33733733733734,70.27027027027027,0.8134384384384384,0.14902402402402404,0.5729144924511235
06004,234,28998.0,13404.0,0.0,0.6030774768289391,12022.651558372952,9906.753246753247,6450.0,15954.288702928872,8.306572867094282,39.49903014025664,71.96261682242991,0.5452103849597135,0.3992091912861832,0.7648963982608635
06005,424,36324.0,18749.0,0.006570232607428602,0.61579874706343,10484.35540760677,9281.439516129032,6450.0,12900.0,8.611992071357779,35.9638380713638,73.5576923076923,0.5105338951410742,0.42316923569257026,0.8077645585472761
06006,179,18930.0,8666.0,0.019904998869034154,0.5887601544812892,8819.337278106508,7740.0,6088.524590163935,11469.016393442622,7.0874641757775185,29.807292868682207,70.37037037037037,0.6997461343180245,0.22894068774521117,0.6731371321227301
06007,1569,186871.0,101519.0,0.019471676244748153,0.6920853443755798,14643.147001468875,12900.0,9000.0,18000.0,8.852379166220127,39.924753001901124,78.1582054309327,0.38451915404998077,0.5559648932712103,1.1218952202045502
06008,126,7092.0,3021.0,0.038204393505253106,0.5419254658385093,11070.853410740203,9130.90909090909,5803.030303030303,14036.42857142857,6.75253807106599,43.63555114200596,76.47058823529412,0.5590863952333665,0.3684210526315789,0.622379081990854
06009,1307,121672.0,59856.0,0.02023178157532901,0.6534332678143292,10058.329683646569,9030.0,6450.0,12900.0,7.221492021714098,41.22839815557337,77.63975155279503,0.5767675755145683,0.35095896819032346,0.8506690785964425
06010,2894,159604.0,84542.0,0.015212934488864039,0.6537350077391709,13253.718017266334,10750.0,8000.0,16000.0,9.901745914986451,37.97420217170164,69.4750486066105,0.42166023988076934,0.4825767074353576,0.8975161761636402
07001,58,38512.0,15936.0,0.04,0.6410256410256411,8187.777777777777,7740.0,5160.0,10000.0,6.859649122807017,40.416666666666664,75.0,0.7083333333333334,0.25,0.5385097056981841
07002,93,69750.0,22500.0,0.0,0.47619047619047616,4046.3571428571427,2331.4999999999995,1208.5,5590.0,4.43010752688172,38.166666666666664,93.33333333333333,0.9333333333333333,0.03333333333333333,0.20966395324566894
07009,53,26288.0,11904.0,0.0,0.5217391304347826,9296.363636363636,9000.0,6450.0,12000.0,8.962264150943396,44.708333333333336,91.66666666666666,0.5,0.3333333333333333,0.918388645376748
07012,72,57690.0,21951.0,0.0,0.5442171811082187,7558.880901455475,7740.0,4694.798787210585,10263.161521499449,5.307453631478593,46.686483531501985,85.18518518518519,0.7850667395562845,0.2121543437656599,0.7868357083533831
07013,132,52668.0,21945.0,0.0,0.5978260869565217,8138.903846153846,7740.0,5160.0,10535.0,4.7272727272727275,42.472727272727276,94.54545454545455,0.8181818181818182,0.07272727272727272,0.7628887497390942
07015,136,52224.0,22272.0,0.01694915254237288,0.5631067961165048,6720.682926829269,6450.0,3860.0,8600.0,6.962962962962963,41.05172413793103,70.6896551724138,0.6724137931034483,0.27586206896551724,0.49363389689000226
07016,209,106993.0,35011.0,0.043781067351286396,0.49238175925552374,6343.301468089445,5375.0,3802.938271604938,7765.434278350514,5.836437897806398,41.14998143440633,84.50704225352112,0.8766387706720745,0.11227899802919082,0.5131224891172668
07017,138,135738.0,48246.0,0.0,0.49902772031443937,5635.426150302909,3805.254582484725,2150.0,7740.0,5.675013629197425,35.222339675828046,83.33333333333334,0.7557517721676409,0.14017742403515318,0.26925485284909206
07019,163,114827.0,49199.0,0.007904660119779798,0.5130616509926855,11161.735538099325,8600.0,6450.0,17007.20812182741,8.211578625420545,46.305189129860366,91.78082191780823,0.6377975162096791,0.2400861806134271,0.8616473581024049
07022,89,81168.0,21888.0,0.0,0.6,1654.764705882353,1500.0,1083.0,1833.2499999999998,2.2134831460674156,34.833333333333336,70.83333333333334,0.625,0.0,0.12173867668545188
07023,210,180733.0,52322.0,0.044172451589331384,0.4237162969015147,4741.226849979782,3966.387640449438,1667.0,7740.0,4.044175662441281,37.12472764802569,38.333333333333336,0.9480333320591721,0.0,0.0
07027,856,69913.0,31661.0,0.04043036823761176,0.6185393999962288,9465.564343799,8400.0,6000.208333333333,12040.0,8.148775004653693,43.5258204099681,86.70076726342711,0.642651842961372,0.2915890211932662,0.8077645585472761
07031,465,208323.0,71826.0,0.0,0.5419936654548859,3819.8594250391,2580.0,1250.0,5160.0,4.18799683949856,38.78513351711079,72.25806451612902,0.9155598251329602,0.038175591011611394,0.15654351909830932
07037,63,50589.0,17666.0,0.043478260869565216,0.6052631578947368,7600.923076923077,5160.0,3063.75,11225.25,5.222222222222222,44.72727272727273,59.09090909090909,0.9545454545454546,0.0,0.1868085994573158
07038,90,59580.0,16550.0,0.0,0.3582089552238806,3682.8571428571427,2333.0,1416.5,5375.0,4.722222222222222,34.56,28.000000000000004,1.0,0.0,0.0
07043,142,109292.0,44288.0,0.06375782174868933,0.5882045734323125,6299.2699688457205,6053.647214854112,3098.359756097561,8600.0,7.0633715185008965,35.61115877890173,84.48275862068965,0.883964053468208,0.10214956647398844,0.5679327583938062
07048,109,70122.0,26964.0,0.04599490517973394,0.5470733973366367,7951.926029250148,5160.0,3908.7,8600.0,6.085736288183452,41.692627206645895,88.09523809523809,0.7672452158433467,0.13632992137665034,0.5385097056981841
07049,65,46345.0,17112.0,0.0,0.5454545454545454,8040.0,6450.0,3500.0,9030.0,6.140625,58.25,75.0,0.9166666666666666,0.041666666666666664,0.5385097056981841
07051,259,116956.0,41691.0,0.0,0.47522914625007207,4914.2338569417225,5160.0,1934.5100635593224,6450.0,4.9380536270050275,41.64270466047828,87.09677419354838,0.9266268499196469,0.02146746300160706,0.4487580880818201
07052,469,297072.0,88414.0,0.002752148706264522,0.43190270072547704,4407.002834803231,2580.0,1045.3337243401759,6450.0,4.639087493940862,36.542267061777544,68.15286624203821,0.8864885651593639,0.033343135702490555,0.09891033432784511
07055,63,49203.0,16401.0,0.0,0.5526315789473685,7650.117647058823,7740.0,4945.0,9050.0,6.619047619047619,47.666666666666664,80.95238095238095,0.6190476190476191,0.3333333333333333,0.6731371321227301
07059,309,246633.0,84083.0,0.07463819952677048,0.5658675512867494,6794.746410375174,5506.121076233184,2429.4890643985423,8600.0,5.373494220157076,42.393682432834225,76.85185185185185,0.8217594519700772,0.09194486400342519,0.33656856606136504
07061,251,116742.0,39385.0,0.0033151128656746633,0.4808820308126658,6159.589041511264,6001.738219895288,1252.7856547122603,9097.366666666669,6.060869267273132,42.14977783420084,83.87096774193549,0.8429605179636918,0.08993271550082518,0.4700918754218232
07065,790,502804.0,204409.0,0.031952679535509294,0.5912745478183519,8325.925904213436,7740.0,3870.0,10750.0,6.310490767774321,41.70101610007387,85.36585365853658,0.6953265267184908,0.23124226428386227,0.5385097056981841
07069,56,6608.0,3186.0,0.0,0.6,11608.130434782608,10000.0,7000.0,16512.5,10.571428571428571,41.592592592592595,85.18518518518519,0.3333333333333333,0.48148148148148145,0.8348987685243164
07071,132,88798.0,35204.0,0.011068037530198326,0.5804905094253473,9084.284214876034,7555.1,5160.0,8501.776649746193,6.52050721863105,44.045108510396545,71.15384615384616,0.8013862061129418,0.12169071696398137,0.5385097056981841
07072,74,47952.0,18792.0,0.09375,0.6037735849056604,6338.346153846154,6010.0,3440.0,10320.0,6.608108108108108,40.0,89.65517241379311,0.896551724137931,0.06896551724137931,0.5385097056981841
07073,76,54796.0,24514.0,0.0,0.5666666666666667,7837.384615384615,6225.0,4300.0,9030.0,7.2105263157894735,43.970588235294116,76.47058823529412,0.8235294117647058,0.11764705882352941,0.530160718012941
07074,111,52740.0,22390.0,0.09443882709807887,0.5724704792776105,10421.247492418941,8600.0,6000.0,12299.214659685862,8.673966628744786,39.38548459133542,95.74468085106383,0.5516748548459134,0.36208128628852165,0.8975161761636402
07075,75,58425.0,14022.0,0.0,0.36,4405.857142857143,2166.5,1500.0,7000.0,3.3866666666666667,43.611111111111114,77.77777777777779,0.9444444444444444,0.0,0.20001043623460654
07077,145,101579.0,31528.0,0.01705378020265004,0.44980297017206805,3657.0132728634435,1333.0,833.0,3199.9469835466193,4.6113271443900805,35.81432377569145,78.72340425531915,0.9399264146155798,0.01734965744734839,0.10436234606553955
07078,348,331709.0,154410.0,0.006990488562480305,0.6282314558733418,8332.573599768406,8274.417177914109,4756.57794676806,10209.567081011573,7.05320627417405,40.10503853377372,78.37837837837837,0.709546013859206,0.1827860889838741,0.8077645585472761
07079,64,53504.0,19228.0,0.041666666666666664,0.5111111111111111,8141.428571428572,6450.0,5160.0,12900.0,4.71875,37.43478260869565,91.30434782608695,0.9565217391304348,0.043478260869565216,0.6731371321227301
07081,150,91283.0,28156.0,0.043938879456706284,0.4819494898579945,5377.127805511587,5161.760851760851,2022.088452088452,7814.5355486862445,4.676401958743687,40.19846569114931,86.95652173913044,0.9310626509447365,0.045958232703509024,0.4543078400310711
07083,118,54590.0,18618.0,0.01860734805756154,0.44125787918963555,6564.422718585762,6450.0,2296.9657534246576,8600.0,6.598992489466935,36.087281125792245,89.74358974358975,0.8176495864217423,0.13202277365989903,0.6545609919283588
07087,64,45696.0,19992.0,0.0,0.6428571428571429,7841.545454545455,6987.5,5160.0,8600.0,4.28125,46.92857142857143,78.57142857142857,0.9285714285714286,0.03571428571428571,0.632122730118973
07089,6626,335112.0,137411.0,0.038747813920951384,0.5467395509724079,8075.619018992001,6880.0,4000.0,10000.0,8.040011834991526,41.53310142565006,57.54036413603573,0.6402325869108004,0.309756860804448,0.26925485284909206
07096,87,60204.0,21452.0,0.0,0.5,2544.3636363636365,1667.0,833.0,4300.0,4.735632183908046,39.935483870967744,70.96774193548387,0.5483870967741935,0.0,0.13911500730536422
07097,129,88512.0,31048.0,0.03977237582730253,0.47348074388636696,8906.436140397704,8600.0,6228.110962566845,10320.0,7.717258676789588,43.04264364854419,95.65217391304348,0.7514815769131667,0.15891522803401184,0.8975161761636402
07099,411,287109.0,91999.0,0.0,0.4589323984103535,3248.6251255944803,2150.0,1000.0,4537.890855457229,4.3105405960802345,37.99671735562343,64.17910447761194,0.9245317883890042,0.0064131131860128915,0.10242938482410929
07101,5460,618958.0,279368.0,0.040872308796215236,0.5811451002977637,10671.730510675923,9030.0,6450.0,13000.0,9.629505505447163,40.64541393430887,84.96332518337408,0.5115582314366713,0.3934774204633315,0.8766437069505323
07102,39,26949.0,13129.0,0.0,0.5135135135135135,9152.307692307691,8600.0,5467.5,11475.0,8.333333333333334,35.73684210526316,68.42105263157895,0.5263157894736842,0.42105263157894735,0.6261740763932373
07107,53,31058.0,13478.0,0.041666666666666664,0.5581395348837209,7495.25,6010.0,3100.0,8800.0,8.584905660377359,39.608695652173914,86.95652173913044,0.6086956521739131,0.30434782608695654,0.5385097056981841
07108,277,113704.0,41194.0,0.025132525558500568,0.5019123411331512,6336.11259162375,6020.0,3440.0,8150.374898125509,6.907496657989165,44.0988978977521,87.03703703703704,0.6734961402145944,0.18602223624799727,0.5844291379670215
07109,254,180592.0,62984.0,0.006561514195583596,0.5423193137220852,3874.6283033620016,2993.46153846154,1250.0,5160.0,3.8366926552671217,42.280261653753335,82.52427184466019,0.929823447224692,0.026419408103645372,0.22033460173723166
07111,259,94506.0,37716.0,0.0,0.554778972520908,4914.02017664078,4407.499999999999,1219.049645390071,7449.991902834007,2.800732228641568,40.31795524445859,64.70588235294117,0.9549793191218581,0.0037649803796797115,0.13785230742189514
07999,280,206823.0,64152.0,0.0,0.5289533204349129,4522.348823174411,2333.0,1301.178445229682,6450.0,3.2671124584789895,40.83899176954733,62.06896551724138,0.8779461279461279,0.0,0.12798898553161736
08003,47,25286.0,11298.0,0.0,0.5121951219512195,14008.181818181818,15050.0,10427.5,17800.0,10.02127659574468,42.04761904761905,52.38095238095239,0.47619047619047616,0.47619047619047616,0.6282613233145481
08004,33,19635.0,7140.0,0.07692307692307693,0.52,8725.0,8600.0,7740.0,10750.0,7.333333333333333,36.0,83.33333333333334,0.5,0.5,0.8662074723439783
08006,63,34020.0,13500.0,0.038461538461538464,0.5416666666666666,11578.684210526315,10000.0,9030.0,12030.0,7.079365079365079,33.92,76.0,0.48,0.52,0.9872677937800042
08009,151,103923.0,49203.0,0.0,0.6381960387563719,12698.16378281623,9030.0,6450.0,14000.0,8.177448687970902,40.59307359307359,81.69014084507043,0.5474056459971953,0.37997683068105603,0.8443886443252384
08010,75,38855.0,16568.0,0.0,0.5234093637454982,14637.356828193833,9874.074074074075,8170.0,13195.37037037037,7.610268948655257,38.11582568807339,78.125,0.46674311926605505,0.40711009174311924,0.8975161761636402
08011,72,48456.0,24228.0,0.0,0.75,8498.055555555555,8600.0,6450.0,10105.0,6.319444444444445,43.19444444444444,100.0,0.5,0.5,0.8975161761636402
08012,133,31122.0,10530.0,0.0,0.4942528735632184,4249.0,3000.0,3000.0,3000.0,0.44274809160305345,30.31111111111111,22.22222222222222,1.0,0.0,0.0
08017,348,215872.0,85349.0,0.022896655943399468,0.527893779424296,13962.621288782817,12900.0,9000.0,15050.0,6.614021271864809,46.40002811983737,53.62318840579711,0.4006490995793741,0.5227594933742633,0.8975161761636402
08019,5646,1012021.0,492564.0,0.02210257357101591,0.6105258174587856,14450.481094764447,12000.0,8600.0,16340.0,9.605935721091956,40.060304853785496,66.18837380426784,0.2702389943235803,0.6306307403707945,0.8975161761636402
08021,167,126445.0,52867.0,0.0,0.5042011196627659,12724.607472505892,12000.0,8600.0,16000.0,9.394471904780735,40.66962377286398,70.83333333333334,0.43265174872793993,0.48283428225547126,0.925632324326735
08027,37,21904.0,11248.0,0.0,0.6333333333333333,8310.923076923076,8600.0,5000.0,10095.0,9.08108108108108,39.0,68.42105263157895,0.47368421052631576,0.42105263157894735,0.5218117303276978
08029,81,20250.0,6000.0,0.04,0.5319148936170213,7658.421052631579,6400.0,5213.75,9997.499999999998,4.617283950617284,28.625,79.16666666666666,0.9583333333333334,0.041666666666666664,0.6144333124608641
08031,152,84720.0,36435.0,0.019932214331826986,0.5350604490500863,8897.353267502496,8600.0,7740.0,10750.0,6.4275797575801175,39.29131329765335,64.70588235294117,0.7242486620008234,0.2500617538081515,0.8348987685243164
08032,197,143564.0,58673.0,0.06574631381166204,0.577606504304319,10289.74678648618,8812.81512605042,6866.640173410405,13940.1247848537,8.334107624073658,38.983160908765534,70.58823529411765,0.45756992142893665,0.5147001176009408,0.8106267164318924
08035,39,21996.0,7896.0,0.06666666666666667,0.5,11100.142857142857,9890.0,8600.0,15050.0,5.564102564102564,47.0,100.0,0.42857142857142855,0.5,0.7375093214019388
08036,60,31560.0,11046.0,0.0,0.5121951219512195,13387.5,10750.0,7095.0,22000.0,8.2,41.19047619047619,76.19047619047619,0.2857142857142857,0.47619047619047616,0.8975161761636402
08037,6583,1611832.0,757490.0,0.021656863732760913,0.6042964153039967,14642.739276082884,12900.0,10750.0,16340.0,8.736012006454654,36.91224042561618,68.09061488673139,0.2763072779838678,0.660293865265548,0.8016405667412378
08045,56,35280.0,13860.0,0.0,0.5365853658536586,10039.588235294117,10750.0,6584.75,13437.499999999998,7.321428571428571,38.09090909090909,77.27272727272727,0.5,0.5,0.8077645585472761
08048,43,25456.0,11248.0,0.0,0.475,14727.5,8815.0,6880.0,22575.0,6.744186046511628,42.10526315789474,21.052631578947366,0.9473684210526315,0.05263157894736842,0.0
08050,294,156844.0,64384.0,0.009050052330234563,0.5241495034568439,11198.726605667585,10750.0,8600.0,12900.0,7.755744561475097,37.20404137673956,87.39495798319328,0.42959430914512925,0.5263885437375746,1.0193658822956304
08051,65,27690.0,8520.0,0.0,0.46511627906976744,8038.0625,7095.0,6450.0,9675.0,4.553846153846154,42.95,80.0,0.75,0.25,0.6731371321227301
08053,47,32853.0,13980.0,0.047619047619047616,0.5384615384615384,12683.0,12470.0,8170.0,13867.5,7.531914893617022,32.4,75.0,0.5,0.45,0.7330350484712901
08055,67,47302.0,19062.0,0.03571428571428571,0.5384615384615384,9339.0,9030.0,7740.0,11395.0,7.298507462686567,31.37037037037037,85.18518518518519,0.4444444444444444,0.5555555555555556,0.8975161761636402
08062,114,70800.0,28526.0,0.04217312470619838,0.4923547400611621,9974.47879716809,8600.0,7714.494426751593,12201.353503184713,7.831327683615819,40.73778307508939,95.74468085106383,0.6129846455864825,0.3870153544135175,0.8975161761636402
08063,44,18172.0,6608.0,0.0,0.47058823529411764,6207.777777777777,6400.0,5575.0,6587.5,5.431818181818182,27.3125,56.25,0.9375,0.0625,0.3704863285326654
08999,47,9635.0,3690.0,0.0,0.4090909090909091,9093.0,8600.0,5643.75,13187.499999999998,9.404255319148936,41.833333333333336,83.33333333333334,0.7777777777777778,0.16666666666666666,0.6731371321227301
09002,438,554598.0,306129.0,0.05826165602273986,0.6631807656605428,18441.78587024123,14000.0,7944.190800681431,20495.4954954955,11.657751407767693,37.48738930320224,47.89915966386555,0.3150338582754329,0.6136661342113946,0.0
09003,346,393100.0,176991.0,0.08071427458435265,0.5494635002379983,21914.66772704917,14724.076704545456,8600.0,24000.0,11.846213428429005,32.908193071964114,54.49101796407185,0.4193716064658655,0.5180545903464018,0.3825259264972879
09004,287,210786.0,115141.0,0.04561354066509731,0.7129501589665402,13869.506741140216,9839.187582562747,6020.0,13311.619537275066,9.16856907005209,37.8491154323829,42.06896551724138,0.49507994545817735,0.47723226305138916,0.0
09005,1229,1222827.0,624755.0,0.03371417347069768,0.6020595920298127,13759.118597962384,10680.830808080806,7740.0,16000.0,10.839303091594873,39.40037774807725,53.55987055016181,0.4031020159902682,0.482277052604621,0.3590064704654561
09006,422,478782.0,271501.0,0.027620490449943233,0.6478335015487419,15807.42277567963,12000.0,7740.0,19038.047215218885,10.780586550597747,38.826519975985356,53.61702127659574,0.4308823908567556,0.48753411589644235,0.4159335592079238
09007,1977,1913639.0,941598.0,0.038379130250066895,0.6069344833727072,11534.273865168412,9030.0,6450.0,12989.436397984886,9.25538665146181,38.10766378008449,56.58031088082901,0.5342683395674163,0.4066682384626985,0.31413066165727405
09008,253,265014.0,141184.0,0.040986835848877176,0.6472915588702339,11191.267059929638,9600.0,6450.0,13235.075885328835,9.24444941028535,43.59309128513146,50.37593984962406,0.4415089528558477,0.48407043291024476,0.0
09009,420,198678.0,108445.0,0.020211055094776026,0.6730412949149237,8601.253524195847,8600.0,5375.0,10750.0,9.063330651974846,39.137756466411545,58.22222222222222,0.7419521416386187,0.20860343953155977,0.26925485284909206
09010,735,850156.0,490171.0,0.02886821385975409,0.672161985839447,13382.364849414389,10000.0,7543.048065650644,15000.0,10.797785357082521,35.06574236337931,60.53268765133172,0.42434986973933586,0.47471596646884456,0.5218117303276978
09011,430,353570.0,182982.0,0.028747651248951688,0.6352820714510939,12269.35067009058,10000.0,6060.067873303167,15007.108389012621,9.908442593027566,38.7936572996251,45.370370370370374,0.49536566438228896,0.44635537921762797,0.0
09012,787,663716.0,317404.0,0.059894676357863434,0.5902418136285382,13643.597035885765,9348.078873239436,6139.509140148952,15050.0,10.551720234375708,37.451071820140896,62.5,0.5129078398507896,0.42501669796221847,0.40388227927363807
09013,515,487627.0,261718.0,0.03187526587382322,0.6200034066374187,12225.75747180375,9495.716395864107,6450.0,14000.0,9.987537605587878,38.301534476039095,46.996466431095406,0.5496717841340679,0.4208575642485423,0.0
09014,290,442707.0,257004.0,0.038680356842282444,0.6529225148305446,21709.529855672456,17371.629542790153,7362.691203703705,30000.0,13.571924546031575,37.9247521439355,47.093023255813954,0.288088901340057,0.5118947565018444,0.0
09015,365,436919.0,252292.0,0.033848911082943044,0.6742657804907018,12252.014867566217,10000.0,6450.0,16000.0,10.833873617322265,40.50547381605441,49.047619047619044,0.37862476812582246,0.5660385584957113,0.0
09016,302,386006.0,227759.0,0.04049761555701599,0.6726591590485312,21318.366906722127,15200.625509926569,9500.0,27681.88976377953,12.380899813242387,39.37618711005932,50.27624309392266,0.28540694330410654,0.6461127771021123,0.22437904404091005
09017,415,478343.0,243624.0,0.040132382490839606,0.6087091252865799,13977.249258757642,11621.234067207422,8000.0,16873.308270676695,10.569756886179395,43.04169539946803,47.39336492890995,0.4066389189899189,0.4994212392867698,0.0
10001,379,102848.0,43603.0,0.011583624246271025,0.5144200108652006,7456.3635232423785,7740.0,4300.0,9714.196750902527,7.562383322962041,35.667087127032545,76.31578947368422,0.7864825814737518,0.18856500699493153,0.5915615551849487
10004,59,14868.0,5040.0,0.0,0.43478260869565216,7206.866666666667,7740.0,1935.0,10750.0,8.0,32.8,75.0,0.75,0.25,0.4711959924859111
10005,6688,684980.0,316334.0,0.03979432012724469,0.6140779694869484,11175.798943942866,9460.0,7740.0,12900.0,9.071082731344442,40.106928120277935,74.5136186770428,0.4650211485328798,0.47927823123660435,0.8750782717595491
10006,57,14991.0,5786.0,0.0,0.55,5728.941176470588,4730.0,3900.0,7095.0,6.280701754385965,39.36363636363637,77.27272727272727,0.9090909090909091,0.045454545454545456,0.4487580880818201
10007,2612,373744.0,170056.0,0.03223309811063055,0.6200729914088191,11690.48230206722,10750.0,8000.0,13000.0,8.186335720360924,39.889659876746485,82.59783513738552,0.370795502657948,0.5724702450957332,0.9872677937800042
10008,244,45289.0,18492.0,0.022983040101442385,0.5295895240493579,10556.965889234976,6880.0,3834.166666666667,12360.280373831776,8.301066484135221,36.38146225394765,72.11538461538461,0.7213930348258707,0.20576465498593988,0.5198114520281082
10012,1178,162485.0,74655.0,0.034604492376925165,0.6008741696954506,12271.787671459262,10750.0,7740.0,15050.0,8.401970571639394,37.68548657156252,82.55395683453237,0.44928002143192014,0.49557296899069053,0.9423919849718222
10013,59,26432.0,12544.0,0.0,0.6829268292682927,11160.619047619048,7740.0,4945.0,12900.0,6.711864406779661,41.035714285714285,75.0,0.8571428571428571,0.07142857142857142,0.6506992277186391
10014,157,65587.0,17432.0,0.05961050871230512,0.49578753109203244,7102.574497218657,6400.0,4249.352886405959,8600.0,3.9409486636071174,33.06482331344654,65.0,0.9075837540156035,0.06161083065626434,0.4474627900622171
10017,150,20103.0,9196.0,0.01752136752136752,0.6032482598607889,7805.016557673577,7334.927536231885,4560.815047021943,9369.012539184954,8.15430532756305,34.93540669856459,78.78787878787878,0.8472161809482384,0.10504567203131797,0.5476149422679601
10018,113,26179.0,9785.0,0.014006449012494962,0.4358645581041934,7855.605473353411,5343.11004784689,2028.657774390244,8715.417558886511,7.013102104740441,26.027899846704138,81.3953488372093,0.9147675012774655,0.056821665815022994,0.3941968529121599
10022,75,21405.0,7047.0,0.0,0.4308510638297872,7434.143109194276,6163.10618066561,3144.417591125198,8453.048479087453,7.4275169352954915,32.83439761600681,70.83333333333334,0.8358166595714488,0.12686249467858662,0.41505857386274797
10023,281,74961.0,28911.0,0.02800564819795589,0.6675194685697614,8828.534971380706,8600.0,6020.8379888268155,10750.0,6.141900454903216,41.415101518453184,76.52173913043478,0.6515859015599599,0.20656497526892878,0.7206494633578311
10026,124,39268.0,15835.0,0.059846820637653626,0.5991178458364458,8557.912651813722,7237.572944297082,6234.982332155477,9460.0,6.50300499134155,38.294474265866754,78.84615384615384,0.7302810230502053,0.23397537101357752,0.6731371321227301
10027,134,33835.0,13639.0,0.0405205768554344,0.5677597156208811,8127.177937403797,6478.514851485149,5000.0,9960.806451612903,6.282074774641643,32.46022435662439,72.72727272727273,0.8090769117970525,0.14319231615221056,0.552223537945529
10028,76,20596.0,8943.0,0.0,0.6,6798.035714285715,5080.0,2416.5,6450.0,6.0,30.848484848484848,84.84848484848484,0.9393939393939394,0.030303030303030304,0.4348778960551033
10032,250,51727.0,22047.0,0.015319338990620813,0.5535517483218114,9314.415473260236,8038.523529411765,4720.220374220375,10753.937007874016,7.020047557368493,39.296548283213134,82.4074074074074,0.753072980450855,0.20088900984260896,0.6896105302928222
10034,197,34182.0,15738.0,0.010188679245283019,0.5744634253175646,6547.529888551165,6200.0,3200.0,8600.0,5.205546779006495,31.668699961875713,75.26881720430107,0.9485322150209684,0.0,0.41393198667254194
10036,72,15048.0,6479.0,0.03125,0.6530612244897959,8354.407407407407,7740.0,5160.0,12362.499999999998,7.361111111111111,37.645161290322584,87.09677419354838,0.6129032258064516,0.3870967741935484,0.6731371321227301
10038,244,50152.0,23680.0,0.011025726695623121,0.6290816865687414,9383.734991287818,8170.0,6450.0,10750.0,8.040001614595948,38.446537162162166,82.45614035087719,0.6783783783783783,0.24083614864864866,0.8038353402645322
10039,248,89452.0,42081.0,0.027950382296551245,0.6431904963937208,10695.166491823511,8600.0,6006.545454545455,12900.0,6.755046999112365,41.75238231030632,78.0701754385965,0.7191131389463178,0.21484755590408974,0.7403466813964396
11001,184,125990.0,48156.0,0.012913540769893003,0.46548861706390854,6097.4404274670305,6243.021037868163,4408.2962962962965,8600.0,6.325041669973808,36.70296536257164,72.85714285714285,0.8015615914943102,0.17077830384583437,0.5160718012940931
11002,102,70142.0,29062.0,0.0,0.5029419908625224,10274.327614831212,8666.197183098591,7183.505121638925,10744.907170294495,9.503050953779477,44.04018993875163,54.761904761904766,0.4696510907714541,0.5303489092285458,0.635127724278156
11003,322,152929.0,66180.0,0.021657180870722152,0.6043887315386471,10219.217619472978,8600.0,6450.0,12247.48984565394,6.489655849896853,39.69714415231188,65.03496503496503,0.7493955877908733,0.1938501057721366,0.6731371321227301
11004,109,72156.0,33088.0,0.01955671447196871,0.57273776389926,9297.012641993404,8615.589123867068,4300.0,12900.0,7.268529297632907,42.17577369439071,66.0,0.6399903288201161,0.23972437137330754,0.4487580880818201
11006,47,29704.0,9480.0,0.11764705882352941,0.5,8822.90909090909,9030.0,6450.0,12685.0,6.957446808510638,39.0,73.33333333333333,0.8,0.2,0.6731371321227301
11007,547,580493.0,223269.0,0.0073448010634845125,0.5140275981223404,11696.092447840994,9968.560393258427,7231.892405063291,12900.0,8.004523741027024,43.14866371954906,61.29032258064516,0.3849795538117697,0.5615602703465327,0.6731371321227301
11009,83,52622.0,24092.0,0.0,0.5671641791044776,8677.777777777777,7740.0,5160.0,10750.0,7.265060240963855,44.31578947368421,71.05263157894737,0.7105263157894737,0.2631578947368421,0.5385097056981841
11011,64,47552.0,26005.0,0.027777777777777776,0.6923076923076923,7803.409090909091,6225.0,4300.0,8600.0,7.453125,33.285714285714285,62.857142857142854,0.6285714285714286,0.3142857142857143,0.3590064704654561
11012,46,34914.0,14421.0,0.05,0.5128205128205128,10982.142857142857,10535.0,3870.0,14000.0,8.41304347826087,39.36842105263158,73.68421052631578,0.631578947368421,0.3684210526315789,0.4174493842621582
11013,54,10962.0,5481.0,0.06896551724137931,0.7631578947368421,9119.047619047618,8600.0,7202.5,10427.5,8.203703703703704,39.333333333333336,77.77777777777779,0.6666666666666666,0.25925925925925924,0.8348987685243164
11014,357,248014.0,119926.0,0.02856957708601654,0.6523827074841732,9286.453971364157,8600.0,6450.0,10750.0,7.218661043328199,41.72241215416173,69.94219653179191,0.6828711038473726,0.2804896352750863,0.7628887497390942
11015,204,397038.0,177998.0,0.07537349097180376,0.6179198952308196,10283.695973496433,8600.0,6211.7476432197245,11279.489510489511,7.93560696338291,42.57700086517826,63.73626373626373,0.5264441173496331,0.4149878088517849,0.4487580880818201
11017,611,798841.0,321045.0,0.027545973059832373,0.5383739797623998,9516.520558030657,8600.0,6450.0,10000.0,8.036803318808124,42.587036085284,65.625,0.4667943746203803,0.5091248890342476,0.6731371321227301
11020,8549,1786774.0,887225.0,0.03138203216262541,0.6533749417124,11169.055952446184,9890.0,7000.0,12900.0,8.204734538060956,39.294254557750286,60.375586854460096,0.46533517427935417,0.47791484685395474,0.5753803656411083
11021,290,177548.0,92092.0,0.052414956886794394,0.649731160784956,7593.357765040393,6616.0368956743005,5146.513994910942,9890.0,8.033348728231239,36.91962385440646,74.83870967741936,0.7075858923685011,0.16936324545020198,0.562142756213146
11022,85,55675.0,18995.0,0.03333333333333333,0.5,8409.2,8600.0,5590.0,10588.75,4.705882352941177,43.241379310344826,86.20689655172413,0.6206896551724138,0.3793103448275862,0.8526403673554581
11023,128,90399.0,28925.0,0.06849800334922067,0.44379653846703543,6421.275934305346,6526.664670658683,2559.2571012381645,9396.646706586827,5.829323333222713,32.184822817631805,82.92682926829268,0.6630596369922213,0.31384615384615383,0.4542176193110539
11025,483,56444.0,28636.0,0.029649961031479787,0.7016975197483734,9796.28386050284,8753.962264150943,6450.0,12482.9,6.53146481468358,39.19157703589887,69.7211155378486,0.7232853750523817,0.23260930297527588,0.7180129409309122
11026,26,13052.0,5020.0,0.09090909090909091,0.6875,7779.5,7740.0,3870.0,8600.0,5.884615384615385,54.5,100.0,0.8,0.1,0.8077645585472761
11027,362,310494.0,111486.0,0.03778567976248015,0.45343508462968396,7904.937485090649,8000.0,6774.670075349839,9460.0,8.118673004171113,41.062770213300325,57.46268656716418,0.5003498197083042,0.4863749708483576,0.38952202045502016
11028,163,142482.0,48413.0,0.0,0.4190477014827189,9035.91993444215,8600.0,4756.233421750664,11968.224228743416,7.570219396134249,37.06603598207093,67.3076923076923,0.6723813851651416,0.2571416768223411,0.6465032800780869
11029,71,90951.0,42273.0,0.0,0.6470588235294118,8692.777777777777,7740.0,6400.0,9890.0,5.943661971830986,36.03030303030303,54.54545454545454,0.7878787878787878,0.15151515151515152,0.4487580880818201
11030,127,46623.0,23684.0,0.057728267356276106,0.6813869008891781,12756.65780403742,12034.9498997996,8600.0,14941.224747474747,7.978615704695107,44.766424590440806,85.48387096774194,0.5111045431514947,0.36889883465630807,1.1218952202045502
11031,909,168799.0,83430.0,0.014773089595068551,0.648320273101094,10596.568666585676,9030.0,6450.0,12039.302884615385,6.833334320700952,39.790267289943664,61.60520607375272,0.6859163370490231,0.25369771065563945,0.7628887497390942
11032,481,275293.0,114976.0,0.03494237823047029,0.5913168153152234,10439.058293448998,9999.26273458445,6000.0,12900.0,7.394088741673643,39.204790564987476,69.19431279620854,0.6808203451155024,0.2899735596994155,0.6731371321227301
11033,181,93605.0,34805.0,0.0377916620590512,0.5269227911124322,7953.868506866303,8600.0,3117.632063882064,10750.0,5.632786710111639,34.333831346070966,69.01408450704226,0.8645596896997558,0.12121821577359575,0.3025367026963859
11035,249,173455.0,75817.0,0.028871155742849458,0.51294332531767,8311.421789124195,6964.838709677419,4300.0,10000.0,7.61974575538324,40.38425419101257,72.22222222222221,0.6016988274397562,0.3479562631072187,0.5385097056981841
11037,81,53359.0,18017.0,0.1185851964189619,0.49110681488641855,11134.324468558214,10711.555221637866,8600.0,11616.652227722772,7.8005822689706985,51.18465893322973,65.625,0.3285230615529777,0.6042071377032803,0.8478864311856958
11041,125,72994.0,33450.0,0.0,0.5405885870355706,6855.179504548094,7740.0,4470.042918454936,8600.0,8.292256897827219,46.18603886397609,61.40350877192983,0.7552167414050822,0.15721973094170402,0.4487580880818201
11042,250,162799.0,71050.0,0.01580529428876176,0.5108197950692597,8662.495278150982,7740.0,6450.0,9498.355555555556,7.415690514069497,40.18042223786066,67.88990825688074,0.7474454609429979,0.21517241379310345,0.6731371321227301
11043,57,10146.0,4272.0,0.04,0.5319148936170213,10192.692307692309,10750.0,7505.0,13222.5,9.857142857142858,41.666666666666664,54.166666666666664,0.375,0.4583333333333333,0.3702254226675012
12001,5711,786785.0,354464.0,0.020130146566928176,0.5667441516185221,10181.874910473029,8600.0,6000.0,12900.0,8.486229340186158,40.58940823327616,68.92047637341528,0.6166832174776564,0.34533267130089373,0.6731371321227301
12003,191,57848.0,25544.0,0.01057442770267653,0.5953670928748586,5171.693079823676,4300.0,3033.12728937729,7303.226375176305,5.855172175356105,31.475180081428125,72.41379310344827,0.9508690886313812,0.021374882555590353,0.3590064704654561
12004,78,41340.0,11660.0,0.0,0.36363636363636365,6158.0,7740.0,4407.5,7805.0,2.923076923076923,28.0,22.727272727272727,1.0,0.0,0.0
12007,97,36621.0,16218.0,0.0,0.5890813991500491,11078.978855721392,8681.065573770493,6679.098360655737,13161.25,7.264438436962399,47.61154273029967,81.81818181818183,0.8712541620421753,0.1076581576026637,0.8975161761636402
12010,73,34383.0,15543.0,0.0,0.6078431372549019,3887.5,3887.5,250.0,7525.0,4.164383561643835,31.515151515151516,6.0606060606060606,0.9393939393939394,0.0,0.0
12013,64,29248.0,12796.0,0.0,0.5833333333333334,7879.681818181818,7095.0,4300.0,10750.0,7.484375,37.035714285714285,78.57142857142857,0.8571428571428571,0.14285714285714285,0.516071801294093
12015,45,5670.0,3024.0,0.0,0.6153846153846154,6642.083333333333,6635.000000000001,3439.9999999999995,9030.0,8.466666666666667,48.125,50.0,0.7916666666666666,0.041666666666666664,0.06731371321227292
12019,53,28885.0,12535.0,0.0,0.6388888888888888,5760.714285714285,6450.0,4676.25,6862.5,5.150943396226415,49.26086956521739,30.434782608695656,0.9130434782608695,0.043478260869565216,0.0
12020,65,22750.0,12600.0,0.0,0.7291666666666666,8832.142857142857,7740.0,2795.0,13512.499999999998,7.8307692307692305,35.138888888888886,58.333333333333336,0.8611111111111112,0.1111111111111111,0.19411396368190362
12021,438,173908.0,75858.0,0.00653509174011551,0.5667237242400006,9408.63904422979,7525.0,3870.0,12000.0,6.325480292442169,38.1967491892747,77.12765957446808,0.8702180389675446,0.11140552084157242,0.5385097056981841
12022,76,28196.0,11501.0,0.06060606060606061,0.5254237288135594,7346.318181818182,5308.5,2580.0,9030.0,4.881578947368421,33.54838709677419,70.96774193548387,0.8387096774193549,0.0967741935483871,0.33656856606136504
12024,66,37092.0,7868.0,0.06666666666666667,0.35714285714285715,7193.461538461538,6450.0,5482.5,9460.0,5.045454545454546,41.714285714285715,92.85714285714286,1.0,0.0,0.6731371321227301
12027,105,39669.0,20105.0,0.0,0.6409602448433067,8198.854037267081,5958.166226912927,2355.251889168766,10135.065963060686,5.98244632135952,33.55782143745337,60.37735849056604,0.9048495399154439,0.057448395921412584,0.18387431188788309
12028,216,104359.0,39154.0,0.012932664431391332,0.5620791426688444,3899.978588102713,2150.0,732.6218323586745,6020.0,3.9630787883453293,33.05345558563621,62.5,0.9626858047709046,0.02421208561066558,0.06675214919004957
12029,529,347965.0,158439.0,0.03105487502828452,0.6388884533366783,10009.969320807542,8721.833333333334,6450.0,12900.0,8.57727932406995,40.71304413686024,73.98373983739837,0.6121157038355456,0.36420325803621584,0.7931538300981006
12034,215,62272.0,21562.0,0.010418100876589105,0.4870574034334764,7458.167547810195,6450.0,3010.0,8568.217054263567,5.061295606372045,41.13848437065207,74.39024390243902,0.8681476671922828,0.03278916612559132,0.3998296181257625
12035,411,222580.0,104486.0,0.007060791226753081,0.6081651996509215,8968.670543055792,8600.0,5160.0,10750.0,8.369826579207476,43.64143521620122,60.22099447513812,0.657724479834619,0.30690236012480143,0.4487580880818201
12038,303,146591.0,64585.0,0.021498697048663716,0.6090278290396398,10724.64229078427,10000.0,6599.5122985581,12900.0,7.394181953447362,43.91683827514129,74.45255474452554,0.5617403421847178,0.4012851281257258,0.8975161761636402
12042,126,37674.0,14053.0,0.04081632653061224,0.5568181818181818,7446.425,6450.0,4085.0,10160.0,6.595238095238095,36.255319148936174,85.1063829787234,0.8723404255319149,0.1276595744680851,0.5385097056981841
12044,63,27468.0,7848.0,0.0,0.34615384615384615,6397.0,6400.0,5858.75,6772.5,5.825396825396825,50.833333333333336,27.77777777777778,1.0,0.0,0.0
12045,109,29430.0,11880.0,0.0,0.4823529411764706,4222.586206896552,4000.0,958.2499999999999,6718.749999999999,5.504587155963303,38.77272727272727,65.9090909090909,0.9090909090909091,0.0,0.095648090169067
12046,47,13160.0,5040.0,0.0,0.5454545454545454,8958.125,9675.0,4730.0,12900.0,4.74468085106383,44.833333333333336,88.88888888888889,0.9444444444444444,0.05555555555555555,0.7404508453350032
12048,137,91316.0,40660.0,0.0,0.5651225173386705,9192.80883086864,8354.498293515358,4794.428380782918,11232.619047619048,6.472304962985676,39.41684702410231,93.22033898305084,0.7951549434333497,0.16337924249877028,0.8077645585472761
12050,39,37245.0,18145.0,0.0,0.5757575757575758,8265.333333333334,6000.0,3580.0,9030.0,6.461538461538462,48.421052631578945,78.94736842105263,0.631578947368421,0.2631578947368421,0.4174493842621582
12052,205,112070.0,40928.0,0.0,0.5174406108954828,8099.284366420478,7080.938388625591,3020.699052132701,10106.895465994961,5.116257696082806,45.69656469898358,68.29268292682927,0.8324863174354965,0.07652462861610633,0.29072627117875
12053,74,31746.0,11583.0,0.0,0.5869565217391305,7333.533333333334,6450.0,2768.25,12000.0,5.527027027027027,30.25925925925926,55.55555555555556,0.8888888888888888,0.07407407407407407,0.11218952202045503
12054,49,23373.0,10971.0,0.0,0.5833333333333334,5297.789473684211,3870.0,1662.5,7740.0,5.836734693877551,28.043478260869566,82.6086956521739,0.9130434782608695,0.043478260869565216,0.34783969943644333
12055,459,235036.0,107314.0,0.026374284392266446,0.5795174450724576,6953.272018631413,6450.0,4000.0,9001.405472636816,8.143612042410524,41.46004249212591,69.6078431372549,0.8681253144976424,0.11584695379913153,0.444110372265136
12056,228,111586.0,41692.0,0.0,0.5314671051792931,7654.843202966238,7851.506849315068,3870.0,9460.0,6.377278511641245,36.429434903578624,67.44186046511628,0.9060011513000096,0.05842847548690396,0.41716014030677057
12057,91,21840.0,7680.0,0.0,0.47761194029850745,7966.321428571428,8169.999999999999,4300.0,11625.0,4.977777777777778,43.5,87.5,0.84375,0.0625,0.6282613233145481
12058,602,195912.0,62926.0,0.005814137200998515,0.434841609770578,7337.005211835911,6400.0,3395.9603658536585,9030.0,5.344338274327249,36.343562279502905,61.951219512195124,0.8788100308298636,0.08243015605632012,0.3490539723024031
12062,160,75826.0,45292.0,0.0,0.7470822370640221,7203.011916175867,4182.530120481927,1782.128514056225,11007.901376146794,5.283121884314087,31.87777090876976,64.21052631578948,0.9462156672260001,0.02159321734522653,0.18102710426446447
12066,155,62686.0,24156.0,0.02431537280878908,0.5373167880586278,7670.685627442466,8267.109634551496,4836.519933554818,10320.0,7.108062406278914,39.03361483689353,50.0,0.7651929127338963,0.14952806756085443,0.36781387219416484
12067,98,50324.0,26353.0,0.0,0.6635265259257326,5741.719032963111,4427.645788336933,1691.5609756097563,8350.180487804879,6.017705269851363,32.055363715705994,86.53846153846155,0.9184533070238683,0.08154669297613175,0.2721199810620524
12069,46,17802.0,7740.0,0.0,0.5882352941176471,2876.6666666666665,2365.0000000000005,930.0,4730.0,4.021739130434782,35.25,60.0,0.9,0.0,0.07853266541431853
12071,73,32412.0,20424.0,0.0,0.8148148148148148,4881.457142857143,4000.0,2000.0,7555.000000000001,3.9863013698630136,41.28260869565217,76.08695652173914,1.0,0.0,0.2087246921310791
12076,178,103988.0,42030.0,0.0,0.5917216368257232,3644.8237301483136,2064.599659284498,1268.0604770017035,6400.0,4.542331807516252,34.65565072567214,18.055555555555554,0.9438496312157982,0.0,0.0
12078,42,17388.0,3312.0,0.0,0.24242424242424243,6660.0,6660.0,3000.0,10320.0,4.333333333333333,32.75,25.0,0.875,0.0,0.0
12079,77,35189.0,8683.0,0.0,0.38,6306.666666666667,6020.0,2580.0,8600.0,3.3636363636363638,36.78947368421053,31.57894736842105,1.0,0.0,0.0
13001,62,28458.0,13770.0,0.0,0.6585365853658537,5601.631578947368,4515.0,3386.25,7417.499999999999,4.403225806451613,31.1,63.33333333333333,1.0,0.0,0.32534961385931954
13002,168,69015.0,31260.0,0.0,0.5888101168806285,6531.415854175498,6450.0,3620.2952755905512,8600.0,5.640208650293414,42.72021753039027,81.33333333333333,0.9709213051823417,0.02431222008957134,0.5653167069994414
13006,110,78375.0,32574.0,0.0,0.5199102088619949,7827.602014846236,7740.0,3346.3837638376385,10750.0,6.652555023923445,35.413059495303,84.78260869565217,0.8998894824092835,0.08132252716890771,0.698739961990135
13008,93,47141.0,21254.0,0.014969643601983594,0.5337274593712124,8962.484339597495,8600.0,6208.241949521323,10320.0,8.79062811565304,44.295944292838996,77.27272727272727,0.6385151030394278,0.244895078573445,0.6731371321227301
13010,106,75418.0,27727.0,0.0,0.46916191475321073,12657.361298409405,10750.0,8481.58890290038,15050.0,8.060595613779205,41.06646950625744,82.05128205128204,0.3542395498972121,0.5429004219713637,1.0436234606553956
13011,191,52602.0,19008.0,0.02040816326530612,0.45563674321503134,4996.203866432337,3726.666666666667,2580.0,7740.0,6.462986198243413,32.414351851851855,68.05555555555556,0.9293981481481481,0.019675925925925927,0.26177555138106157
13013,84,49812.0,24906.0,0.0,0.6774193548387096,9365.028571428571,8600.0,6450.0,10000.0,7.666666666666667,48.19047619047619,83.33333333333334,0.47619047619047616,0.5238095238095238,0.7628887497390942
13014,69,27186.0,9062.0,0.0,0.4791666666666667,6885.928571428572,6450.0,5160.0,10320.0,4.514705882352941,35.0,60.86956521739131,0.9130434782608695,0.043478260869565216,0.4487580880818201
13016,96,170568.0,98427.0,0.012114338478832526,0.757078333294194,7131.185207240066,6450.0,3010.0,8600.0,7.017230664602973,42.53285175815579,78.94736842105263,0.8307476607028559,0.1692523392971441,0.5385097056981841
13022,111,41958.0,21546.0,0.0,0.6477272727272727,7482.538461538462,8170.0,5267.5,8600.0,6.7207207207207205,43.421052631578945,68.42105263157895,0.8596491228070176,0.10526315789473684,0.5833855145063661
13027,129,52911.0,21447.0,0.0,0.5806094489496554,5009.537915952479,3954.1304347826085,2304.498792270532,6450.0,4.09837273912797,37.81610481652446,77.35849056603774,0.9832610621532148,0.0,0.3590064704654561
13028,44,6644.0,3624.0,0.0,0.6764705882352942,9131.052631578947,7310.0,5370.0,10240.0,8.44186046511628,44.708333333333336,79.16666666666666,0.7083333333333334,0.125,0.6731371321227301
13029,64,48768.0,22860.0,0.03225806451612903,0.6458333333333334,10580.833333333334,6235.0,3935.0,11825.0,6.28125,32.4,80.0,0.6333333333333333,0.3,0.5385097056981841
13030,53,40916.0,19300.0,0.0,0.6097560975609756,7919.523809523809,7740.0,4945.0,11126.249999999998,7.245283018867925,38.68,84.0,0.84,0.08,0.8077645585472761
13037,37,31820.0,10320.0,0.14285714285714285,0.5833333333333334,5394.833333333333,4730.0,2634.0,7740.0,5.27027027027027,41.333333333333336,100.0,0.9166666666666666,0.08333333333333333,0.49363389689000214
13038,85,40800.0,18720.0,0.0,0.5692307692307692,6958.4375,7095.0,4300.0,9245.0,6.364705882352941,33.17948717948718,82.05128205128204,0.9230769230769231,0.07692307692307693,0.5833855145063661
13041,50,43350.0,22542.0,0.0,0.6341463414634146,6107.727272727273,4730.0,2150.0,9000.0,8.14,30.115384615384617,84.61538461538461,0.8846153846153846,0.038461538461538464,0.3029117094552285
13042,99,68109.0,34144.0,0.0,0.6464813054191971,9345.064708473083,8600.0,3991.6767143933685,12900.0,8.492225697044443,39.02621251171509,88.0,0.7521087160262419,0.20378397375820057,0.6948479604986554
13044,49,35819.0,20468.0,0.0,0.7,6007.185185185185,6450.0,2580.0,7935.0,5.836734693877551,40.785714285714285,96.42857142857143,0.9285714285714286,0.07142857142857142,0.6731371321227301
13048,3341,320416.0,154121.0,0.021031302403577416,0.5776178457672512,12537.373661022437,10000.0,6617.587349397587,15000.0,10.208013450724511,38.921924981021405,76.69359850839031,0.5401405389272066,0.3801818052050013,0.8975161761636402
13049,72,47952.0,19980.0,0.0,0.5384615384615384,7570.304347826087,5160.0,1988.75,9674.999999999998,6.541666666666667,34.8,76.66666666666667,0.8333333333333334,0.03333333333333333,0.4696305572949279
13051,2140,223740.0,108822.0,0.019939479087863397,0.6061298951364539,11226.920004358775,10000.0,6604.674418604651,14000.0,9.428280804982629,41.500937310470306,75.4066985645933,0.5506055760783665,0.4039532447483046,0.8354363927313202
13052,50,39000.0,17940.0,0.041666666666666664,0.6666666666666666,8922.5,6665.0,5160.0,9675.0,7.86,41.04347826086956,69.56521739130434,0.8260869565217391,0.17391304347826086,0.5385097056981841
13054,48,11328.0,5664.0,0.04,0.5714285714285714,9210.625,7095.0,5080.0,8800.0,9.9375,41.791666666666664,66.66666666666666,0.7083333333333334,0.20833333333333334,0.530160718012941
13055,145,72181.0,31157.0,0.0,0.5645621181262729,5723.839119502404,5160.0,3025.523843930636,8600.0,7.9477147725855835,31.64004878518471,71.64179104477611,0.9137593478191097,0.04355361555990628,0.3590064704654561
13056,45,109756.0,43777.0,0.0,0.5302510931576206,10283.403234037125,10472.638368705784,4880.441689267725,11877.34082397004,8.527870913663035,33.232496516435575,72.22222222222221,0.6869132192703932,0.26226100463713825,0.6207153717365742
13057,66,45276.0,20580.0,0.0,0.6521739130434783,6197.3125,5080.0,3050.0,7670.0,5.893939393939394,35.733333333333334,53.333333333333336,0.8666666666666667,0.06666666666666667,0.11949488624504277
13058,56,50680.0,22625.0,0.10714285714285714,0.5833333333333334,7087.55,6000.0,2719.9999999999995,9773.0,9.571428571428571,37.32,80.0,0.76,0.16,0.5385097056981841
13059,153,88650.0,48293.0,0.022329743299052556,0.7058474852553274,6884.048524379186,6450.0,3000.0,8849.965960665659,6.934957698815567,36.96386639885698,73.49397590361446,0.8311349470937817,0.1141159174207442,0.33075130972383165
13060,112,22736.0,8729.0,0.0,0.6119402985074627,4049.05,1935.0000000000005,622.5,7095.0,4.25,29.930232558139537,93.02325581395348,0.8372093023255814,0.06976744186046512,0.17950323523272804
13062,142,58972.0,19027.0,0.0,0.4656165447775188,5111.067360267315,4407.5,2580.0,6450.0,4.577172217323476,25.942082304094182,69.56521739130434,0.9134913543911284,0.020339517527723762,0.28917106616189764
13063,82,32800.0,17600.0,0.022222222222222223,0.6428571428571429,8662.368421052632,8500.0,5590.0,11180.0,7.679012345679013,40.93181818181818,86.36363636363636,0.6590909090909091,0.3409090909090909,0.7965456063452306
13066,56,44184.0,21303.0,0.0,0.627906976744186,8909.6,6450.0,5160.0,10750.0,6.0,44.592592592592595,92.5925925925926,0.9629629629629629,0.037037037037037035,0.6731371321227301
13068,44,33924.0,11565.0,0.0,0.42857142857142855,7993.2307692307695,6450.0,6450.0,9812.5,6.909090909090909,41.6,86.66666666666667,0.8,0.2,0.6731371321227301
13069,626,430802.0,198583.0,0.027140498620929536,0.5910872722818193,10778.592581192248,10000.0,6450.0,12900.0,8.613207459575397,42.221690678456866,83.9041095890411,0.5576408856750075,0.40837836068545647,0.8975161761636402
13071,150,45138.0,19075.0,0.0,0.5662926018287614,4676.2359989107745,3010.0,2140.9149484536083,6450.0,5.0828791705436664,34.79937090432503,61.29032258064516,0.9770904325032765,0.0,0.12139342090508448
13074,18,16326.0,9977.0,0.0,0.7857142857142857,9022.5,8385.0,6235.0,10750.0,7.222222222222222,34.54545454545455,72.72727272727273,0.8181818181818182,0.18181818181818182,0.7180129409309122
13075,46,39928.0,16492.0,0.05,0.5263157894736842,5470.466666666666,4000.0,2580.0,8385.0,8.456521739130435,36.473684210526315,78.94736842105263,0.631578947368421,0.3684210526315789,0.31308703819661865
13076,356,213507.0,96995.0,0.003800133518204694,0.5684886401053671,9100.170102960763,8600.0,4300.0,12000.0,7.94897268324792,38.389648950976856,80.12422360248446,0.5398628795298727,0.3682767152946028,0.6731371321227301
13077,111,139417.0,77387.0,0.0,0.652731895463272,8371.4446234243,7000.0,4778.869481765835,9257.730848861283,7.374975792048316,40.06905552612196,75.0,0.8576634318425576,0.14233656815744247,0.5245710376753889
13078,69,30084.0,10028.0,0.041666666666666664,0.48,2532.75,2150.0,785.0,4300.0,4.63768115942029,24.695652173913043,34.78260869565217,0.9565217391304348,0.0,0.0
13081,100,42830.0,18778.0,0.0,0.5618864172983721,8241.829235960473,7985.664160401003,6020.0,10750.0,6.685874387111838,38.14080306741932,92.0,0.8781552881030994,0.011289807221216317,0.7180129409309122
13083,51,5427.0,2419.0,0.03702229299363057,0.5948377930381246,12085.803212851406,9890.0,7289.638554216867,11853.515625,8.369338639378435,41.61554361306325,72.72727272727273,0.42166184373708143,0.5403059115336916,0.9836381635915402
13084,57,41097.0,14420.0,0.0,0.4222222222222222,9197.222222222223,9245.0,4515.0,12900.0,6.350877192982456,46.25,90.0,0.9,0.1,0.8414214151534127
14006,60,90960.0,34868.0,0.0,0.46,12872.5,12470.0,8600.0,16940.0,9.583333333333334,28.391304347826086,69.56521739130434,0.5652173913043478,0.43478260869565216,1.1218952202045502
14008,125,140456.0,52901.0,0.023372163863606993,0.4981377426682239,11922.196895445799,12040.0,8646.592427616926,15006.67773237998,5.638847753032978,48.28717793614487,76.59574468085107,0.6365664165138655,0.3024895559630253,1.0139134299231252
14013,164,241368.0,107174.0,0.0,0.562233110553871,9665.580168227541,8600.0,6450.0,12018.213309024613,6.347242387808845,34.55459346483289,68.57142857142857,0.7162558083117174,0.1711889077574785,0.6358643557902256
14015,57,99465.0,36645.0,0.0,0.4772727272727273,15581.538461538461,9000.0,6880.0,15337.500000000002,8.87719298245614,29.904761904761905,61.904761904761905,0.47619047619047616,0.38095238095238093,0.7180129409309122
14016,66,6996.0,3498.0,0.0,0.75,8499.655172413793,8600.0,4138.75,10857.5,5.257575757575758,34.303030303030305,87.87878787878788,0.7878787878787878,0.09090909090909091,0.8077645585472761
14022,244,192548.0,81485.0,0.014167150600077429,0.6262257039503121,12096.993181733735,10407.49770852429,8425.558608058609,17200.0,6.289242162993124,31.39444069460637,69.02654867256636,0.7920230717309934,0.1615266613487145,0.8639826047465371
14023,46,94094.0,39993.0,0.06737092486357912,0.5793220842733818,9768.520973963356,10473.606557377048,7274.168273866924,12262.873674059789,9.006599783195528,44.87642837496562,21.052631578947366,0.311579526417123,0.512039606931213,0.0
14024,61,61000.0,25000.0,0.0,0.5102040816326531,12245.615384615385,8600.0,6060.0,11395.0,5.622950819672131,43.36,52.0,0.6,0.4,0.21738676685451888
14030,74,82362.0,37842.0,0.02857142857142857,0.625,9853.448275862069,9460.0,7095.0,12577.5,6.297297297297297,43.8235294117647,85.29411764705883,0.6764705882352942,0.2647058823529412,0.8975161761636402
14035,48,48144.0,18054.0,0.0,0.4090909090909091,10115.384615384615,10750.0,6127.5,13175.0,6.395833333333333,38.611111111111114,72.22222222222221,0.7222222222222222,0.2777777777777778,0.7853266541431851
14036,72,110592.0,47616.0,0.06060606060606061,0.5789473684210527,8704.166666666666,8600.0,7955.0,10750.0,7.763888888888889,46.096774193548384,38.70967741935484,0.7741935483870968,0.22580645161290322,0.0
14039,2285,1297978.0,579439.0,0.023283528753379676,0.5428780800586241,11366.438148917236,10268.127853881273,7740.0,13000.0,9.57964990240779,38.744879098576384,47.48768472906404,0.41985265058099297,0.4890506161994619,0.0
14041,42,18270.0,6960.0,0.0,0.48484848484848486,9846.923076923076,8600.0,6450.0,12440.0,7.595238095238095,37.4375,81.25,0.75,0.125,0.8975161761636402
14043,66,97878.0,35592.0,0.0,0.5,8992.105263157895,7000.0,5160.0,12040.0,6.075757575757576,42.416666666666664,79.16666666666666,1.0,0.0,0.6731371321227301
14044,111,122078.0,61864.0,0.0,0.5998351674989092,12072.5012157562,12900.0,8790.06418769367,14000.0,7.446083651435967,44.51705353679038,69.64285714285714,0.4002974266132161,0.5997025733867839,0.9751698001703615
14050,40,24720.0,8034.0,0.0,0.375,6063.0,6020.0,4246.25,8170.0,8.95,36.30769230769231,38.46153846153847,0.6923076923076923,0.15384615384615385,0.0
14053,142,263796.0,103547.0,0.04230445519371815,0.5208416630939019,10600.308093007368,10750.0,8600.0,12040.0,7.678008764348209,41.54818584797242,77.58620689655173,0.5405468048325881,0.3910205027668595,0.9992910820976442
14054,49,26558.0,9756.0,0.0,0.42857142857142855,9523.125,9675.0,8100.0,12255.0,8.877551020408163,43.888888888888886,44.44444444444444,0.6111111111111112,0.2222222222222222,0.0
14063,49,12544.0,4864.0,0.0,0.475,14502.666666666666,15050.0,11550.0,17150.0,10.346938775510203,38.36842105263158,78.94736842105263,0.3684210526315789,0.5263157894736842,1.5706533082863703
14065,89,46102.0,15540.0,0.0,0.46875,8078.8,8170.0,6880.0,8688.0,5.52808988764045,44.9,66.66666666666666,0.6,0.3333333333333333,0.7180129409309121
14066,114,11400.0,2800.0,0.0967741935483871,0.4492753623188406,8619.545454545454,8600.0,7310.0,10750.0,4.535087719298246,43.857142857142854,78.57142857142857,0.7142857142857143,0.2857142857142857,0.8077645585472761
14067,140,232507.0,131548.0,0.024970908039757777,0.7009767756013924,13241.905871123889,12000.0,9004.462411651317,16779.780439121758,10.16953898162206,41.890747103718795,61.8421052631579,0.30300726730927113,0.5405403350868124,0.9400369588888354
14070,527,129723.0,56667.0,0.01159910695597572,0.5748889337641357,10409.108073203768,9890.0,7122.331460674157,12900.0,7.423194036523978,40.801136463903156,56.82819383259912,0.47712072281927753,0.4565973141334463,0.5605508691599631
14077,84,62496.0,24552.0,0.029411764705882353,0.4782608695652174,9485.416666666666,9460.0,8385.0,11180.0,7.523809523809524,41.303030303030305,72.72727272727273,0.8181818181818182,0.15151515151515152,0.8975161761636402
14078,65,58305.0,17940.0,0.0,0.38461538461538464,12156.666666666666,11610.0,10160.0,15695.0,6.523076923076923,44.3,60.0,0.7,0.3,0.9705698184095178
14079,40,44800.0,15680.0,0.0,0.5384615384615384,9670.833333333334,8600.0,7740.0,13330.0,5.725,41.714285714285715,85.71428571428571,0.8571428571428571,0.14285714285714285,0.8975161761636402
14080,56,13216.0,6844.0,0.03333333333333333,0.6744186046511628,11600.625,9300.0,6450.0,18000.0,7.0,27.620689655172413,55.172413793103445,0.7586206896551724,0.13793103448275862,0.5218117303276978
14082,71,120629.0,42475.0,0.0,0.45454545454545453,8012.941176470588,8600.0,5160.0,10750.0,6.28169014084507,40.16,68.0,0.6,0.32,0.5385097056981841
14083,105,62790.0,24518.0,0.0,0.5774647887323944,10547.285714285714,10750.0,8700.0,12030.0,7.057142857142857,43.31707317073171,85.36585365853658,0.2682926829268293,0.7073170731707317,1.0770194113963683
14085,58,73834.0,36917.0,0.0,0.6041666666666666,9538.375,8815.0,6450.0,11842.0,7.258620689655173,38.724137931034484,55.172413793103445,0.5172413793103449,0.3448275862068966,0.26925485284909206
14086,78,40014.0,18981.0,0.0,0.7058823529411765,9389.384615384615,9675.0,8600.0,10750.0,7.243589743589744,38.945945945945944,70.27027027027027,0.6486486486486487,0.21621621621621623,0.8975161761636402
14088,76,7828.0,2781.0,0.06896551724137931,0.5283018867924528,11049.09090909091,10750.0,8000.0,15000.0,6.842105263157895,39.888888888888886,81.48148148148148,0.7407407407407407,0.1111111111111111,0.8975161761636402
14093,441,442455.0,212930.0,0.010355180843844989,0.639918864338676,12497.0287786481,9923.90523690773,8600.0,15050.0,7.888124216021969,38.17428262809374,60.0,0.5131592542150002,0.38319635560982485,0.8526403673554581
14096,50,44400.0,20424.0,0.0,0.5609756097560976,10164.166666666666,9730.0,5805.0,10750.0,7.8,46.04347826086956,52.17391304347826,0.782608695652174,0.08695652173913043,0.5385097056981841
14097,997,403859.0,184774.0,0.013122826882300473,0.626536382953804,11351.878431907115,10750.0,7585.360824742268,14000.0,7.773537298908778,39.091728273458386,63.11111111111111,0.3721032179852144,0.5869981707383073,0.8077645585472761
14098,1621,872489.0,378740.0,0.008058834467820972,0.5562010450520268,12194.665641267044,10765.000000000002,8600.0,15000.0,8.688839630069834,38.58926440302054,48.0225988700565,0.4057981728890532,0.5366795162908592,0.0
14101,1336,549536.0,250998.0,0.023559252141573367,0.6069403154645813,12081.58885965212,10750.0,8600.0,15000.0,8.312902157456472,40.45653750229086,58.19935691318327,0.4510474187045315,0.4944501549813146,0.7180129409309122
14103,126,66340.0,28436.0,0.0,0.5198157355952032,10497.506919528447,9890.0,7740.0,12609.234317343175,8.731835996382273,40.30032353354902,68.51851851851852,0.6491067660711773,0.29596286397524263,0.8077645585472761
14106,79,78605.0,27860.0,0.0,0.49122807017543857,9150.0,9960.0,6450.0,10750.0,5.30379746835443,40.0,78.57142857142857,0.8928571428571429,0.07142857142857142,0.8526403673554581
14108,44,43560.0,18810.0,0.0,0.48717948717948717,10074.285714285714,12040.0,7095.0,12685.0,10.75,45.36842105263158,36.84210526315789,0.5789473684210527,0.2631578947368421,0.0
14109,54,55242.0,22506.0,0.0,0.4782608695652174,11724.21052631579,12900.0,8600.0,15037.5,5.777777777777778,44.04545454545455,86.36363636363636,0.8636363636363636,0.13636363636363635,1.2789605510331872
14114,132,163504.0,57562.0,0.0,0.47685399960235936,9607.678523664092,9913.445585215606,7173.380741127348,12071.698151950717,6.810597905861631,39.30987457002884,81.63265306122449,0.7434071088565373,0.14771898127236718,0.8975161761636402
14119,51,11730.0,4370.0,0.0,0.4523809523809524,10877.692307692309,10750.0,8922.5,11932.5,8.333333333333334,42.473684210526315,68.42105263157895,0.5789473684210527,0.2631578947368421,0.9423919849718222
14120,2616,1592151.0,754186.0,0.018206859921996638,0.5875102485346125,12941.085708759896,11316.019760056453,8196.837996096292,15480.0,9.70680242487091,38.15347938041809,49.879903923138514,0.3824534000896331,0.5270158820237978,0.37569582084866393
14121,247,374985.0,160300.0,0.00890930561824151,0.5098246640707645,10149.65569080064,9479.401888772298,7421.214146023468,12900.0,8.119586116778004,35.87600748596382,63.8095238095238,0.5569619463505926,0.32118527760449156,0.7061456573202057
14125,67,59027.0,24668.0,0.0,0.5625,8136.333333333333,6880.0,5213.75,10750.0,5.507462686567164,35.535714285714285,75.0,0.7142857142857143,0.17857142857142858,0.6731371321227301
14999,54,57618.0,17072.0,0.0,0.4,10200.0,8000.0,3010.0,17630.0,6.648148148148148,36.75,31.25,0.6875,0.125,0.0
15001,66,98340.0,41720.0,0.06666666666666667,0.6170212765957447,5056.173913043478,5160.0,2257.5,7256.249999999999,6.121212121212121,39.107142857142854,82.14285714285714,0.8928571428571429,0.10714285714285714,0.4487580880818201
15002,43,43220.0,18288.0,0.0,0.5180736543909349,9604.58374875374,8507.219917012448,5802.46062992126,14032.98755186722,9.544932901434521,32.47769028871391,44.44444444444444,0.6780402449693789,0.3219597550306212,0.0
15003,60,54000.0,22500.0,0.0,0.5102040816326531,7697.0,8514.0,5482.5,8922.5,6.866666666666666,43.2,76.0,0.64,0.28,0.8077645585472761
15004,63,62370.0,25740.0,0.0,0.5652173913043478,5573.461538461538,6020.0,3762.5,7740.0,4.73015873015873,39.03846153846154,50.0,1.0,0.0,0.13462742642454584
15005,296,217219.0,90316.0,0.04381980837435816,0.5822634850761624,9320.844001013367,8600.0,5160.0,11630.3256302521,7.016195636661618,40.89505735417866,68.42105263157895,0.7180676735019266,0.26200230302493466,0.8242562808532639
15009,69,10902.0,5214.0,0.0,0.6,8702.41935483871,8000.0,5105.0,10240.0,7.507246376811594,47.72727272727273,93.93939393939394,0.6666666666666666,0.30303030303030304,0.8302024629513671
15010,126,230253.0,110196.0,0.011269425402864013,0.6202874030209597,11235.045418902819,10750.0,7740.0,12900.0,8.477713645424815,49.132037460524884,85.96491228070175,0.5142473411013104,0.35576608951323097,1.0635621768475765
15011,78,105655.0,39294.0,0.034450560251621784,0.4392776572433967,10511.43607451686,10054.8989706443,8600.0,12900.0,9.489394728124557,41.76731816562325,93.54838709677419,0.4395582022700667,0.5604417977299333,1.0128447567672505
15013,328,713521.0,359402.0,0.02640133496592153,0.6047948044543546,17799.98630809041,12000.0,9030.0,20000.0,10.839243694299117,42.59309352758193,86.58536585365853,0.41273838209024993,0.3979860991313348,1.1218952202045502
15014,202,184390.0,66831.0,0.0,0.4953269642685087,9637.310423304507,7958.5504587155965,5690.004775549188,12010.761154855643,7.113791420359021,44.523544462898954,51.76470588235295,0.6294533973754695,0.2670916191587736,0.0
15015,55,6160.0,2688.0,0.04,0.5208333333333334,9260.666666666666,7740.0,7077.5,8792.5,10.854545454545455,42.875,62.5,0.4583333333333333,0.5,0.7018367772907534
15018,51,6891.0,2755.0,0.052939154348573395,0.5300655976676385,8798.461538461539,7524.999999999999,6235.0,9675.0,8.11203018429836,42.430490018148824,40.0,0.6116152450090744,0.23738656987295825,0.0
15020,289,700676.0,346213.0,0.05028734449793578,0.590276934436343,12509.32855595492,10320.0,8000.0,15050.0,11.016215768771872,42.71538330449752,74.12587412587412,0.4492812228310318,0.5065032220049507,0.939261114589856
15023,51,67944.0,36859.0,0.012273226679529436,0.726761057121156,8339.987616346423,8061.669037458511,6261.679545454545,10628.584637268848,8.590795360885435,42.606093491413226,68.96551724137932,0.5223961583331073,0.47760384166689274,0.6675684522115329
15024,111,144750.0,83966.0,0.006390078810972002,0.6598010587298365,11299.633825767474,10057.557046979866,6875.302512704687,14128.93678856866,10.036635578583764,42.60637639044375,73.33333333333333,0.46904699521234783,0.48876926374961294,0.8908229100701728
15025,147,205037.0,104272.0,0.03152341500566567,0.6291106696272057,9928.449944150618,8600.0,7740.0,10750.0,9.232006906070612,49.657501534448365,79.16666666666666,0.6950571582016265,0.23067554089304895,0.8077645585472761
15026,88,110000.0,42500.0,0.0,0.5396825396825397,6407.789473684211,6450.0,4031.25,7030.5,6.556818181818182,44.88235294117647,55.88235294117647,0.7352941176470589,0.23529411764705882,0.33656856606136504
15029,138,283847.0,150931.0,0.021237824727961298,0.6301787480282139,9935.599178136365,9600.0,7740.0,12000.0,9.05442720902458,44.95482704017068,76.81159420289855,0.5341116139162929,0.45546640517852527,0.8975161761636402
15030,29,18763.0,10999.0,0.0,0.68,8834.545454545454,6450.0,5160.0,12685.0,8.517241379310345,32.94117647058823,64.70588235294117,1.0,0.0,0.5385097056981841
15031,463,734883.0,332975.0,0.048068978727175526,0.5810564330185983,10198.594932729566,9030.0,6450.0,12722.180451127817,7.921097644114777,45.32360988062167,85.16746411483254,0.6951542908626773,0.2890216983257001,0.939261114589856
15032,88,92312.0,32519.0,0.03125,0.5333333333333333,9851.666666666666,10750.0,4998.75,11687.499999999998,6.318181818181818,45.25806451612903,87.09677419354838,0.8064516129032258,0.1935483870967742,0.8975161761636402
15033,740,1478562.0,717749.0,0.035170779378771444,0.5991861713566791,9921.162147290039,8600.0,6450.0,12037.050610820244,9.184867706959139,39.405960858183015,63.128491620111724,0.5236747107972286,0.40980900008220145,0.5887543355584743
15035,313,309555.0,141518.0,0.035087001581846945,0.5721173538051046,9475.83472653237,8600.0,7000.0,11066.726114649682,8.527608987094377,47.01931203097839,80.85106382978722,0.31837646094489747,0.6700349072202829,0.8077645585472761
15036,66,166188.0,75540.0,0.0625,0.5925925925925926,11888.947368421053,10000.0,8600.0,15499.999999999998,8.93939393939394,47.06666666666667,63.33333333333333,0.6666666666666666,0.3,0.8870799415570862
15037,92,141547.0,76877.0,0.025998048879372602,0.6772056867808942,14109.038481805454,10750.0,8000.0,14000.0,9.663087172458617,46.391144295432966,89.79591836734694,0.42947825747622825,0.42614826280942286,1.0436234606553956
15039,305,423625.0,205056.0,0.028939180837915014,0.6132639044181069,10186.93752052214,9200.0,7740.0,12000.0,8.642268515786368,44.57266307740325,84.24657534246576,0.5155908629837703,0.43211610486891383,0.8975161761636402
15040,75,105675.0,38043.0,0.03571428571428571,0.45161290322580644,8899.444444444445,8170.0,6000.0,8600.0,9.68,44.666666666666664,66.66666666666666,0.5925925925925926,0.4074074074074074,0.6261740763932373
15042,207,223684.0,86998.0,0.0008957692131011989,0.4936001360467094,8223.245345929425,8060.967141971481,6450.0,10750.0,7.364335401727437,43.590910135865194,40.476190476190474,0.7678797213729052,0.2037058323179843,0.0
15044,32,39834.0,23642.0,0.0,0.6547398155584481,9714.076571266914,9937.936703658035,8015.797369502671,12000.0,11.299919666616459,47.11285001268928,89.47368421052632,0.21859402757803909,0.781405972421961,0.9379657003476943
15047,72,92592.0,32150.0,0.0,0.43859649122807015,8523.214285714286,8600.0,7740.0,10750.0,7.097222222222222,45.52,56.00000000000001,0.96,0.04,0.4487580880818201
15048,64,165056.0,56738.0,0.043478260869565216,0.41818181818181815,7965.9375,7095.0,4837.5,11375.0,7.671875,39.40909090909091,72.72727272727273,0.8636363636363636,0.13636363636363635,0.5946044667084116
15050,71,7313.0,3296.0,0.030303030303030304,0.6226415094339622,7958.833333333333,8600.0,7740.0,9500.0,7.47887323943662,48.5,93.75,0.65625,0.21875,0.8975161761636402
15051,493,108734.0,46340.0,0.015466983938132063,0.5285046623467522,9709.49164867128,8600.0,6880.0,10165.510309278348,9.256451523902367,45.29788519637462,49.76744186046512,0.3896417781614156,0.5682995252481657,0.0
15053,23,46667.0,28406.0,0.0,0.8235294117647058,11255.714285714286,11160.0,6450.0,13000.0,9.217391304347826,38.42857142857143,100.0,0.7142857142857143,0.21428571428571427,1.1646837820914213
15054,857,207579.0,91292.0,0.05675466239603244,0.5338124417431016,11055.393606393607,9003.413173652694,6450.0,12968.683510638297,11.143473087354694,40.347883713797486,41.732283464566926,0.4262147833326031,0.5237479735354686,0.0
15055,92,11240.0,5294.0,0.0,0.5816943193055708,8926.666666666666,8048.457943925234,7740.0,9281.168224299066,8.215035587188613,44.837740838685306,57.14285714285714,0.5655459010200227,0.3226293917642614,0.38310644186244264
15057,473,936742.0,480862.0,0.03402571313780635,0.6104955105737802,14309.65558535474,10750.0,8581.489898989897,15493.958565072302,9.95146262257911,43.21951204295619,86.0082304526749,0.4814271038260457,0.45681089376993816,1.0296159982941948
15058,358,694980.0,334694.0,0.020431696787883223,0.549423878560133,12094.0184743619,9000.0,6450.0,14816.547406082287,9.594503438947884,43.72224778454349,72.45508982035929,0.6022725235588329,0.336151828237136,0.7259597348572319
15060,244,363964.0,182188.0,0.0,0.6059320060929778,10950.518392398353,9030.0,6450.0,11255.601173020528,9.111162092954249,46.865496080971305,57.14285714285714,0.5521219838847784,0.4227665927503458,0.4398913622894228
15063,75,81900.0,43680.0,0.0,0.7407407407407407,9691.73076923077,8815.0,4300.0,12040.0,6.8,45.625,65.0,0.825,0.075,0.4487580880818201
15065,64,84672.0,50274.0,0.02564102564102564,0.7222222222222222,11192.058823529413,10390.000000000002,7740.0,12900.0,8.109375,54.0,89.47368421052632,0.6052631578947368,0.2894736842105263,0.8975161761636402
15067,35,7050.0,3578.0,0.0,0.6776515151515151,11149.615736505031,10096.198830409356,7048.479532163743,13347.261613691931,9.265531914893616,46.441028507546115,33.33333333333333,0.30296254891000557,0.5746226942425936,0.0
15068,68,42160.0,22940.0,0.0,0.6981132075471698,9020.0,9400.0,7847.5,10300.0,8.279411764705882,45.4054054054054,83.78378378378379,0.5405405405405406,0.40540540540540543,0.939261114589856
15070,391,388779.0,162415.0,0.011268308718785385,0.5193278639288029,11041.71196722896,8600.0,7354.3257956448915,13000.0,8.1729080017182,46.686697657236095,81.60919540229885,0.5870393744420158,0.3871625157774836,0.8876155199141988
15072,79,176486.0,87126.0,0.0,0.639344262295082,7829.821428571428,7525.0,5160.0,9265.0,7.848101265822785,35.30769230769231,71.7948717948718,0.5897435897435898,0.41025641025641024,0.6731371321227301
15074,101,209159.0,80969.0,0.06163153198048373,0.5059159454959075,7932.807919342292,5849.633320797292,4943.3222075968415,8600.0,7.175426350288537,35.08782373500969,70.73170731707317,0.839173016833603,0.1359038644419469,0.5385097056981841
15076,434,114594.0,47498.0,0.03473083097933221,0.558231610473295,10517.604010695188,8587.140439932318,6356.022012578616,10553.636363636364,8.7514616821125,44.56105520232431,39.010989010989015,0.3620784033011916,0.5718977641163838,0.0
15080,56,25312.0,11300.0,0.0,0.5434782608695652,8667.166666666666,9000.0,6880.0,9030.0,9.625,40.84,72.0,0.36,0.6,0.7305364224587769
15081,365,674225.0,334076.0,0.052492455698500216,0.6033559952042489,15737.726510794486,10750.0,8600.0,16000.0,10.530689309948459,41.453666231635914,70.0,0.41832996084723234,0.48711969731438354,0.8975161761636402
15082,65,5590.0,2666.0,0.0,0.6326530612244898,13415.5,11499.999999999998,6000.0,20000.0,8.753846153846155,40.935483870967744,32.25806451612903,0.7096774193548387,0.1935483870967742,0.0
15085,57,52041.0,20086.0,0.08333333333333333,0.5454545454545454,5686.75,4192.5,2150.0,9890.0,6.491228070175438,41.45454545454545,72.72727272727273,0.9545454545454546,0.045454545454545456,0.22437904404091005
15086,122,135000.0,52681.0,0.01782351734809926,0.4951488576044311,5395.335164377861,5595.390185036203,4923.634937238494,6450.0,6.5071407407407404,41.97283650652038,68.08510638297872,0.9346633511133046,0.04174180444562556,0.5385097056981841
15087,41,120376.0,44040.0,0.0,0.45454545454545453,7865.0,7970.0,5160.0,8600.0,6.7317073170731705,42.93333333333333,93.33333333333333,0.8,0.2,0.8077645585472761
15088,90,157860.0,54374.0,0.0,0.49206349206349204,7512.892857142857,7309.999999999999,5848.0,8600.0,6.733333333333333,50.25806451612903,90.32258064516128,0.8387096774193549,0.16129032258064516,0.6731371321227301
15090,287,370055.0,136906.0,0.003994034411261868,0.5154604508979748,9432.107302073262,8600.0,6450.0,10791.87089715536,7.710929456432152,45.602793157348835,47.96747967479675,0.5745474997443502,0.4011949804975677,0.44075507185016377
15091,46,142562.0,66882.0,0.07034735832534089,0.6033310131412326,13469.394814748362,9000.0,8600.0,20852.898385996814,9.626422188240905,45.549490146825754,100.0,0.25670584013635955,0.677521605215155,0.939261114589856
15092,16,21504.0,8064.0,0.0,0.42857142857142855,7015.0,6450.0,5805.0,8225.0,7.5,44.0,66.66666666666666,0.6666666666666666,0.3333333333333333,0.6058234189104571
15093,15,32490.0,8664.0,0.2,0.38461538461538464,20966.666666666668,7740.0,5805.0,39435.0,8.6,42.0,75.0,0.75,0.0,0.6731371321227302
15095,116,126806.0,54875.0,0.04661385037701102,0.5926299640661841,8093.516176696937,7740.0,7000.0,10320.0,7.950349352554295,47.68417312072893,63.829787234042556,0.5202004555808656,0.44818223234624144,0.4487580880818201
15097,69,166221.0,67452.0,0.0,0.6585365853658537,7983.64705882353,8600.0,4676.25,10187.5,7.173913043478261,41.285714285714285,60.71428571428571,0.8214285714285714,0.03571428571428571,0.28047380505113745
15099,303,364976.0,157263.0,0.07699757016586259,0.5952105640076156,9886.987584758668,9248.466097676624,7644.71357572587,11391.63518618456,7.687883586865985,35.146747804633,76.64233576642336,0.7755670437420118,0.18015680738635279,0.8975161761636402
15100,17,7293.0,3432.0,0.0,0.5714285714285714,6762.5,6450.0,5160.0,9000.0,8.647058823529411,35.375,75.0,0.75,0.25,0.6058234189104571
15102,79,78684.0,28884.0,0.0,0.48333333333333334,7011.764705882353,6450.0,4461.25,9400.0,7.265822784810126,43.241379310344826,58.620689655172406,0.6551724137931034,0.3103448275862069,0.40388227927363807
15104,357,657906.0,336880.0,0.017355540646967885,0.5809191206996176,11530.368209565044,10469.084534476044,8019.1359999999995,13551.926248023492,9.91436655168631,45.09238898123961,78.2122905027933,0.4305093801947281,0.5110573497981477,0.9872677937800042
15106,3602,816983.0,357125.0,0.02672967544483598,0.5407512245659967,9837.169553149593,8600.0,6450.0,10750.0,9.573437392812693,42.87042352117606,43.20203303684879,0.46295554777738884,0.5049324466223312,0.0
15107,53,67151.0,34209.0,0.0,0.6666666666666666,8094.444444444444,6450.0,5160.0,12000.0,8.415094339622641,37.7037037037037,66.66666666666666,0.6666666666666666,0.3333333333333333,0.5385097056981841
15108,126,147417.0,72327.0,0.01192622950819672,0.5611259313770582,10243.67563220263,9563.793103448275,7656.4588074647245,12900.0,9.94890684249442,42.76480429162,75.38461538461539,0.5358165000622175,0.43585383051972293,0.8062179537715816
15109,385,709383.0,325931.0,0.053062943970714274,0.5649496347142138,11955.09065371754,10000.0,7740.0,15021.459651898735,9.661877998204073,41.37794195703999,75.0,0.4895974914935983,0.47724518379657044,0.8766437069505323
15110,80,50879.0,18239.0,0.0,0.4351633144847661,11782.929028614459,11606.513614522157,9938.013881473571,12623.871206513693,9.637885964739873,44.75585284280937,51.85185185185185,0.3771040078951697,0.5656560118427545,0.8972582692164668
15112,120,182376.0,70740.0,0.0,0.5161657509357966,6517.271298882682,6450.0,3531.8412438625205,7740.0,6.45247729964469,40.458100084817644,57.77777777777777,0.7813825275657337,0.203774385072095,0.32149249666225105
15113,83,74989.0,32537.0,0.014209537659819426,0.5644463445917058,8402.747286821705,9751.11424541608,5160.0,10750.0,5.814466121697849,46.948427943571936,51.35135135135135,0.6962842302609337,0.100900513261825,0.43583018406338386
15114,204,334674.0,124543.0,0.03657432834897231,0.4900285440271718,8321.326399777012,8416.10880241783,5901.372659906396,10750.0,7.006672164554163,49.03528901664485,69.86301369863014,0.8536248524605959,0.14637514753940406,0.6498937644836205
15117,54,28782.0,13858.0,0.0,0.5777777777777777,9940.666666666666,8600.0,6450.0,14000.0,9.203703703703704,43.30769230769231,57.692307692307686,0.5769230769230769,0.4230769230769231,0.5385097056981841
15118,975,195644.0,87725.0,0.02513696422816629,0.5579409793750465,9118.611330028389,8600.0,6450.0,10750.0,9.112162908139274,43.30017668851524,30.069930069930066,0.49430607010544314,0.4646223995440296,0.0
15119,73,63875.0,19250.0,0.12,0.44642857142857145,9682.64705882353,6450.0,5375.0,10750.0,5.36986301369863,40.5,77.27272727272727,0.9545454545454546,0.045454545454545456,0.6731371321227301
15120,127,185616.0,66569.0,0.0,0.47451670848540145,10071.83049561143,9484.505620555174,7740.0,10750.0,7.84564606741573,45.31679911069717,84.78260869565217,0.5829289909717736,0.39201430095089307,0.9872677937800042
15121,331,707430.0,341732.0,0.04550532925167028,0.5751204780569299,12099.652229752732,11000.0,8000.0,13431.48242485991,10.58414966851844,41.708631325131975,75.64102564102564,0.423276134514766,0.5157433310313345,0.8975161761636402
15122,227,330157.0,141530.0,0.019759944037732975,0.5097927752022287,9111.481217394443,7792.462380300958,5160.0,10136.54829972916,8.328546721711186,47.94938882215784,76.76767676767676,0.7592665865894157,0.22179043312371935,0.6731371321227301
16006,102,143281.0,62926.0,0.04195974544015103,0.6362331149397396,15316.805937017947,8600.0,5752.22695637413,10325.552367288377,6.816786594175083,38.830801258621236,90.19607843137256,0.6182500079458412,0.3232050344849506,0.7866455375133657
16008,60,42600.0,22010.0,0.0,0.6595744680851063,12005.684210526315,12040.0,6127.5,17262.5,8.633333333333333,41.806451612903224,61.29032258064516,0.6774193548387096,0.25806451612903225,0.5385097056981841
16009,66,71280.0,36720.0,0.0,0.6938775510204082,8378.448275862069,8600.0,5790.0,9890.0,6.681818181818182,33.26470588235294,85.29411764705883,0.9117647058823529,0.058823529411764705,0.8077645585472761
16011,65,57980.0,24084.0,0.03571428571428571,0.6086956521739131,9937.666666666666,10000.0,7290.0,11287.499999999998,6.3076923076923075,38.03703703703704,77.77777777777779,0.5555555555555556,0.4074074074074074,0.8975161761636402
16016,124,41044.0,18867.0,0.017241379310344827,0.5631067961165048,8933.5,8600.0,6063.0,10750.0,8.669354838709678,36.56140350877193,63.1578947368421,0.631578947368421,0.3333333333333333,0.4711959924859111
16025,166,84612.0,42009.0,0.019420648444247332,0.6814870195978621,8954.514865678488,8600.0,6551.806023029229,10750.0,6.44169857703399,41.188364398105165,81.70731707317073,0.7312480658906425,0.2489466542883668,0.8331724914536575
16029,160,73280.0,29770.0,0.0,0.5700934579439252,6645.907407407408,4084.9999999999995,2150.0,6450.0,5.325,29.615384615384617,83.07692307692308,1.0,0.0,0.26925485284909206
16031,93,65305.0,26825.0,0.0,0.49584639498432603,7397.189898989899,7621.814371257485,3287.34268707483,11055.31462585034,6.3115534798254345,34.29036346691519,78.04878048780488,0.8627772600186393,0.1060950605778192,0.6322618799137268
16033,127,106108.0,54260.0,0.015316492450638793,0.730321955421557,9726.240549493376,9030.0,6334.857819905214,12009.400479616306,6.734723112300675,34.78407666789532,75.38461538461539,0.7399926280869886,0.18407666789531885,0.6731371321227301
16034,124,106135.0,46149.0,0.018649257857355505,0.5184785005512679,7721.373093331775,7740.0,4300.0,8969.964200477327,7.605577801856127,42.9949294675941,74.07407407407408,0.7787167652603524,0.18496608810591778,0.5385097056981841
16035,70,65450.0,32725.0,0.027777777777777776,0.7380952380952381,9961.21875,7310.0,4300.0,10037.5,5.942857142857143,34.542857142857144,91.42857142857143,0.8285714285714286,0.11428571428571428,0.7180129409309122
16036,55,59730.0,20634.0,0.05,0.4878048780487805,6924.611111111111,5375.0,3010.0,7740.0,5.2727272727272725,30.57894736842105,94.73684210526315,0.7368421052631579,0.10526315789473684,0.5385097056981841
16037,69,48921.0,14180.0,0.0,0.40816326530612246,7420.764705882353,7740.0,4246.25,8700.0,5.144927536231884,37.0,85.0,0.95,0.05,0.7965456063452306
16038,48,25536.0,11704.0,0.0,0.5945945945945946,10726.863636363636,8600.0,4300.0,14000.0,7.708333333333333,38.5,100.0,0.6818181818181818,0.22727272727272727,0.8975161761636402
16040,53,33337.0,13209.0,0.0,0.46511627906976744,5092.9473684210525,4000.0,2709.0,6970.0,6.415094339622642,35.0,90.47619047619048,0.7619047619047619,0.14285714285714285,0.40388227927363807
16043,38,93768.0,48692.0,0.06688130006515657,0.7512092594725326,8349.775082524757,9030.0,8000.0,9673.268124280783,6.552022011773739,44.54834469728087,83.33333333333334,0.5,0.5,0.8897356370070241
16044,53,11183.0,4853.0,0.041666666666666664,0.5106382978723404,10321.894736842105,9030.0,4200.0,13921.249999999998,8.566037735849056,38.21739130434783,82.6086956521739,0.6086956521739131,0.30434782608695654,0.6731371321227301
16045,63,45360.0,23040.0,0.030303030303030304,0.717391304347826,7607.75,7525.0,6450.0,8170.0,4.666666666666667,40.9375,87.5,0.8125,0.15625,0.7180129409309122
16047,80,70880.0,24808.0,0.034482758620689655,0.47540983606557374,8465.217391304348,7525.0,6450.0,8707.5,6.7125,44.964285714285715,82.14285714285714,0.8214285714285714,0.0,0.6731371321227301
16049,59,40179.0,18387.0,0.0,0.5434782608695652,5927.105263157895,5000.0,2000.0,9022.5,4.389830508474576,33.44444444444444,70.37037037037037,0.9259259259259259,0.0,0.2087246921310791
16050,163,102167.0,52415.0,0.014107025298598702,0.6835088549678539,6556.25896343175,5821.7725052337755,4300.0,8600.0,6.704420133871967,39.36726128016789,75.0,0.8671754268816179,0.0817323285319088,0.4487580880818201
16051,53,49078.0,17594.0,0.0,0.4418604651162791,11847.333333333334,10320.0,7740.0,12900.0,6.245283018867925,42.10526315789474,78.94736842105263,0.7368421052631579,0.2631578947368421,0.8975161761636402
16052,193,94809.0,53119.0,0.0,0.6661804066824807,12704.66490940504,9224.933333333334,6000.0,18463.722222222215,9.234682361379194,40.81018091455035,81.55339805825243,0.573071782224816,0.40601291439974396,0.8348987685243164
16053,5449,895065.0,444715.0,0.018373694096976197,0.6281786022300896,11141.071793112054,9460.0,6450.0,13763.816568047347,9.53147640416746,38.353689441552454,71.89208895370032,0.5017595538715807,0.4188929988869276,0.8077645585472761
16058,111,51504.0,28304.0,0.0,0.7261904761904762,8950.90243902439,6484.0,4825.0,11062.5,6.4774774774774775,32.26229508196721,67.21311475409836,0.8032786885245902,0.18032786885245902,0.5218117303276978
16062,19,11970.0,4410.0,0.0,0.3888888888888889,7451.666666666667,7955.0,3870.0,9030.0,4.947368421052632,29.285714285714285,85.71428571428571,1.0,0.0,0.8077645585472761
16066,148,131301.0,74691.0,0.00950827498408657,0.820891029500301,7858.562505608902,7740.0,5590.677966101694,10384.533898305086,6.617542897616926,41.49246897216532,89.1566265060241,0.7948748845242398,0.1909065349238864,0.7212018881665068
16067,115,68382.0,20358.0,0.0,0.38613861386138615,5820.771739130435,5160.0,3612.0,7883.333333333334,5.0559796437659035,35.76068376068376,79.41176470588235,0.8888888888888888,0.05128205128205128,0.5113754957211438
16068,50,43600.0,27032.0,0.03125,0.7441860465116279,7576.870967741936,7500.0,3870.0,10750.0,7.08,33.83870967741935,100.0,0.8387096774193549,0.0967741935483871,0.7827175954915466
16071,126,84560.0,30840.0,0.0,0.4355697550585729,4634.9840862423,4300.0,2365.0,6244.011976047905,5.1489120151371806,34.45603112840467,52.17391304347826,0.9341115434500649,0.04332036316472114,0.0320140493310014
16075,250,242570.0,114244.0,0.031214755140979437,0.5390123206502208,8498.658209958856,8600.0,5619.707705934456,10000.0,8.32377045801212,40.68280172262876,75.63025210084034,0.7182083960645635,0.19641294072336402,0.6731371321227301
16076,25,24000.0,11520.0,0.0,0.7058823529411765,7171.818181818182,7955.0,4676.25,9990.0,5.08,32.166666666666664,91.66666666666666,0.75,0.25,0.8189835107493216
16077,144,99153.0,45000.0,0.0,0.6118706235411804,7922.433036848793,7664.581151832461,5160.0,10320.0,5.852742730930985,41.8474,80.95238095238095,0.8554666666666667,0.09773333333333334,0.6282613233145481
16078,48,42768.0,22275.0,0.0,0.5952380952380952,6715.238095238095,6450.0,4192.5,8800.0,6.9375,37.52,84.0,0.84,0.08,0.6731371321227301
16079,154,161674.0,73769.0,0.0377621830324533,0.6344220888189195,8273.069439990226,7740.0,5586.99083011583,9460.0,5.3221131369798975,34.70400845883772,88.73239436619718,0.8988057314047906,0.10119426859520937,0.7132690826486378
16082,148,73168.0,35122.0,0.024551463644948063,0.6668765743073047,8362.248299319728,8600.0,6450.0,9838.103448275862,5.796003717472119,36.65537270087125,85.71428571428571,0.8848015488867377,0.061955469506292354,0.8077645585472761
16084,61,11773.0,4632.0,0.0,0.44,7803.181818181818,7870.0,5000.0,12900.0,8.081967213114755,40.583333333333336,91.66666666666666,0.9583333333333334,0.0,0.762888749739094
16085,152,75240.0,33660.0,0.0,0.584070796460177,7981.21875,7740.0,6450.0,9030.0,5.822368421052632,42.838235294117645,94.11764705882352,0.9411764705882353,0.058823529411764705,0.8077645585472761
16086,61,54900.0,29700.0,0.0,0.62,9355.6,8600.0,4945.0,12225.0,8.327868852459016,34.36363636363637,75.75757575757575,0.5757575757575758,0.2727272727272727,0.5833855145063661
16088,520,36733.0,17201.0,0.0396404444196304,0.6181856085612035,10885.889891565388,10000.0,6000.0,14000.0,9.312416628100074,37.10057554793326,82.92682926829268,0.4556711819080286,0.5215394453810825,0.8975161761636402
16089,11,4400.0,2000.0,0.16666666666666666,0.5454545454545454,6080.0,6080.0,5160.0,7000.0,9.818181818181818,34.2,40.0,0.6,0.0,0.0
16090,60,12660.0,6330.0,0.0,0.625,13295.421052631578,12000.0,7888.25,18999.999999999996,9.483333333333333,32.766666666666666,63.33333333333333,0.6,0.2,0.7691504905030264
16092,44,28204.0,14743.0,0.0,0.6052631578947368,8587.631578947368,6450.0,5160.0,10240.0,6.068181818181818,38.91304347826087,82.6086956521739,0.9565217391304348,0.0,0.5385097056981841
16096,54,34830.0,14190.0,0.0,0.4583333333333333,7949.5,7310.0,4500.0,10000.0,4.314814814814815,36.31818181818182,90.9090909090909,0.9090909090909091,0.045454545454545456,0.6955750365268212
16097,70,60970.0,14807.0,0.0,0.3695652173913043,13521.833333333334,7740.0,6343.5,9030.0,4.6,39.0,70.58823529411765,0.8235294117647058,0.058823529411764705,0.6957837612189522
16100,71,29536.0,10400.0,0.0,0.46153846153846156,8623.333333333334,7740.0,6450.0,9245.0,5.873239436619718,42.76,96.0,0.76,0.2,0.8077645585472761
16102,333,335576.0,167840.0,0.021563609441584714,0.6600441415777328,11887.340612010192,9529.06490649065,6971.254197881684,14455.833333333321,7.543116909433333,41.64454242135367,75.30864197530865,0.5191551477597712,0.4154611534795043,0.8975161761636402
16104,68,34612.0,13234.0,0.0,0.6046511627906976,7367.583333333333,7740.0,4650.0,8815.0,3.8676470588235294,37.5,92.3076923076923,0.9615384615384616,0.0,0.740450845335003
16106,68,52564.0,22417.0,0.03333333333333333,0.5882352941176471,9049.541666666666,8148.5,5496.5,10746.0,6.735294117647059,45.172413793103445,82.75862068965517,0.6551724137931034,0.1724137931034483,0.8077645585472761
16107,131,141577.0,77492.0,0.005186402382664065,0.607978270880326,15931.782298850574,12000.0,8600.0,16492.413793103457,10.106928381962865,38.23223042378568,70.58823529411765,0.5763820781500025,0.27085376554999224,0.8975161761636402
16108,250,251265.0,121167.0,0.0,0.6081138273645176,11019.974411275765,10000.0,7740.0,12900.0,8.395964420034625,37.116665428705836,84.070796460177,0.5272970363217708,0.3841557519786741,0.9682610274842758
16110,128,111296.0,47170.0,0.016738582119108666,0.5447391728930575,8872.869618664687,7740.0,5275.195355191257,10639.139344262294,6.7280495255894195,43.0375874496502,83.33333333333334,0.854314182743269,0.1286622853508586,0.6731371321227301
16112,437,208007.0,104465.0,0.024138478640622518,0.6477473740713179,8340.16668409738,7598.999999999999,4300.0,10750.0,7.613460123938137,40.47286651031446,82.02764976958525,0.734916000574355,0.17246924807351743,0.6731371321227301
17001,56,9520.0,3740.0,0.0,0.44,6048.333333333333,6450.0,4475.0,7740.0,7.839285714285714,45.36363636363637,68.18181818181817,0.7272727272727273,0.22727272727272727,0.485284909204759
17002,30,12450.0,3735.0,0.0,0.45,10194.0,10160.0,8256.0,12900.0,5.433333333333334,50.22222222222222,88.88888888888889,0.8888888888888888,0.1111111111111111,1.0436234606553956
17003,209,48064.0,20166.0,0.0,0.5434261230429276,6814.163716459751,6450.0,5160.0,8177.79792746114,7.272969374167777,40.3609044927105,64.04494382022472,0.7945056034910245,0.093176633938312,0.43980617803459227
17004,368,87740.0,38256.0,0.05937891863981707,0.6171170483848818,7087.252935057215,6869.064748201439,4023.4361233480176,9025.24647887324,7.8797013904718485,42.11564199079883,46.93877551020408,0.61038791300711,0.31040882475951487,0.0
17005,55,10890.0,4950.0,0.0,0.6097560975609756,6878.722222222223,6987.5,5000.0,9400.0,6.2,44.92,72.0,0.72,0.2,0.5385097056981841
17006,574,261939.0,115717.0,0.020542727518959913,0.5671672733408867,7527.595344382829,6450.0,5375.0,9000.0,8.315214611035394,40.57065945366713,51.79282868525896,0.6198657068537898,0.3241788155586474,0.33656856606136504
17007,2346,328690.0,156819.0,0.01942773532758901,0.5750486486486487,9544.836574497594,8600.0,5591.725490196079,10776.239067055392,9.82517448401821,39.3033433448753,43.63312555654497,0.5136558707809641,0.3807510569510072,0.0
17008,790,102623.0,48166.0,0.04665201987213744,0.6158194867761282,8348.733481287198,8000.0,5160.0,10750.0,8.543420486966037,40.3862060374538,42.582417582417584,0.5987833741643483,0.35363119212722666,0.0
17009,64,18304.0,8008.0,0.0,0.56,9304.642857142857,8170.0,7525.0,10750.0,7.65625,44.714285714285715,50.0,0.7142857142857143,0.21428571428571427,0.17950323523272776
17010,56,14280.0,6120.0,0.0,0.5106382978723404,6311.578947368421,6450.0,5160.0,7935.0,6.857142857142857,40.541666666666664,79.16666666666666,0.8333333333333334,0.08333333333333333,0.5385097056981841
17011,1545,235151.0,109328.0,0.013231763452894561,0.5554220984812697,9371.99434599738,8600.0,6450.0,10750.0,9.557630927150626,41.63984523635299,42.65927977839335,0.5333217474023123,0.3938423825552466,0.0
17012,299,72571.0,30379.0,0.0,0.5051716031969911,7299.307974137931,7424.736842105262,4667.862068965517,8778.58870967742,8.68602159456956,44.0071101747918,58.87096774193549,0.5732578425886303,0.37509463774317786,0.4195169772576562
17014,157,24488.0,9462.0,0.0,0.4472490073737947,6630.244604316546,6409.937888198758,2580.0,10320.0,9.218474354786018,41.888818431621225,45.0,0.6554639611075882,0.23567956034664975,0.0
17015,168,33284.0,15251.0,0.0,0.5598957377289915,6972.320317320406,7130.588235294118,4300.0,10342.343137254902,7.124534310779954,43.275195069175794,74.66666666666667,0.8830896334666579,0.06674972132974887,0.4936338968900021
17016,80,13120.0,5412.0,0.0,0.5740740740740741,5953.529411764706,6450.0,3560.0,7740.0,6.5125,43.333333333333336,51.515151515151516,0.7575757575757576,0.030303030303030304,0.08975161761636402
17017,251,43329.0,16476.0,0.01276289771705914,0.5082221816188562,8341.374687065369,8143.362831858408,5384.525316455696,12021.142857142857,7.168524544762168,46.040786598689,64.21052631578948,0.6285506190823015,0.26893663510560817,0.5385097056981841
17018,1021,138607.0,67968.0,0.031960348658349,0.6285506843666807,7751.084398677705,7412.996632996633,4300.0,9458.724832214764,8.127261168583482,41.03866525423729,50.709939148073026,0.6542931967984934,0.3074387947269303,0.08975161761636402
17019,106,16918.0,8698.0,0.020054078413699866,0.6409589832466782,6292.365930599369,5375.0,3870.0,8000.0,7.935039602789928,38.81547482179811,65.45454545454545,0.8587031501494596,0.0933547942055645,0.40388227927363807
17020,511,71280.0,35379.0,0.00813030923210631,0.6240684563993758,8756.745575007255,7740.0,5304.821958456973,10750.0,8.440165293902679,44.42855931484779,56.58914728682171,0.7424460838350434,0.18228327538935526,0.4431449738512036
17021,108,16615.0,8189.0,0.0,0.594267053701016,8882.320763429276,7310.364406779661,4300.0,10342.373096446701,8.413421606981643,40.00537306142386,75.92592592592592,0.706801807302479,0.2259128098668946,0.5413589634002909
17023,65,11375.0,5600.0,0.0,0.64,6466.6,7525.0,4612.5,7740.0,6.7846153846153845,42.625,46.875,0.875,0.0,0.0
17024,60,8880.0,4144.0,0.034482758620689655,0.58,6677.785714285715,7725.0,3440.0,9460.0,8.05,41.75,50.0,0.5714285714285714,0.39285714285714285,0.017950323523272776
17025,58,10498.0,4706.0,0.0,0.5098039215686274,7480.578947368421,5160.0,2418.75,7686.25,7.724137931034483,41.84615384615385,73.07692307692307,0.9230769230769231,0.0,0.3702254226675015
17026,124,23562.0,11214.0,0.01838235294117647,0.5978021978021978,7958.584795321637,8600.0,7189.062500000001,10000.0,8.094474153297682,46.62172284644195,66.10169491525424,0.8352059925093633,0.0898876404494382,0.6731371321227301
17027,187,29273.0,13389.0,0.0,0.5626657541278125,9885.63855063855,9030.0,6450.0,11979.617021276596,7.680388070918594,42.45619538427067,48.275862068965516,0.8095451490029129,0.11778325491074763,0.07369848275815294
17028,343,39814.0,17265.0,0.05179042179261863,0.5933554163523663,8089.241883116883,8352.373540856031,4300.0,10750.0,8.296001406540412,39.42061975094121,55.1948051948052,0.5833188531711555,0.38343469446857803,0.19944803914747536
17029,558,107709.0,46044.0,0.013519014461703267,0.5152619087045317,8608.595755089753,8600.0,6450.0,10320.0,8.559498683202898,45.02250021718356,58.995815899581594,0.6678177395534706,0.25345321866041176,0.4487580880818201
17030,181,104837.0,41100.0,0.0,0.46592828558796523,7423.415821179455,7740.0,5473.489067894131,7740.0,7.6838711523603305,43.1339902676399,49.29577464788733,0.7689537712895377,0.05038929440389294,0.0
17031,91,16998.0,7855.0,0.016649974962443664,0.5113301753936755,7808.601997146933,7740.0,5884.943661971832,9000.0,10.31862572067302,36.55442393380013,48.837209302325576,0.4972628898790579,0.4744748567791216,0.0
17033,142,35182.0,16032.0,0.047415329768270946,0.6161056351125163,6885.435857484159,6450.0,4300.0,9030.0,7.831305781365471,42.53599051896207,58.46153846153847,0.8525449101796407,0.0594436127744511,0.44133502196317337
17035,143,40512.0,19584.0,0.0,0.5726315789473684,8269.790932933684,7740.0,6450.0,10750.0,7.3993143538530335,45.216911764705884,81.15942028985508,0.8412990196078431,0.15870098039215685,0.7756429269793144
18001,217,29297.0,16246.0,0.0,0.655459455069639,6552.539638490963,6102.211538461538,3440.0,8464.174496644295,7.03007133836229,31.895912840083714,79.66101694915254,0.7848085682629571,0.11405884525421642,0.4487580880818201
18004,533,118657.0,66797.0,0.0029852082929086375,0.6917320889953863,11269.95846729563,9030.0,6450.0,12900.0,7.301731641975205,39.230953485935,85.46712802768167,0.7263799272422414,0.19442489932182583,0.8975161761636402
18006,106,21282.0,10191.0,0.018964189449364652,0.6265304866793823,8911.782996194672,8600.0,5611.827411167513,12115.51219512195,6.34089291644921,40.358649789029535,98.0392156862745,0.7857913845549995,0.17554705131979198,0.8975161761636402
18007,84,12516.0,4917.0,0.029411764705882353,0.5925925925925926,8107.461538461538,7740.0,5000.0,9460.0,6.154761904761905,35.93939393939394,78.78787878787878,0.9393939393939394,0.06060606060606061,0.6731371321227301
18008,1056,90393.0,47316.0,0.017647303076859196,0.6664303586321935,10406.431809184482,10000.0,6674.521850899742,12900.0,8.694600245594238,38.33453799983092,83.3634719710669,0.5942176008115648,0.33430552033138894,0.8975161761636402
18009,220,29381.0,12062.0,0.0,0.6085952668310857,7292.325704716718,6400.0,4300.0,9581.761006289309,5.785507640992478,26.662079257171282,60.215053763440864,0.8760570386337257,0.09907146410213895,0.22437904404091005
18010,130,27662.0,13198.0,0.0,0.6334229218660011,10001.035056795927,8600.0,7040.308612440192,10535.0,6.398886559178656,44.77807243521746,77.41935483870968,0.8719502954993181,0.031671465373541444,0.8077645585472761
18011,244,34912.0,15788.0,0.01937888198757764,0.6132165301847268,9221.996292991007,7740.0,4300.0,11689.798076923076,7.469695233730523,37.53870027869268,91.81818181818183,0.7108563465923486,0.19065112743856094,0.7036872019652233
18012,376,63331.0,30066.0,0.01027059055895714,0.6477719456218567,9236.642125094197,8600.0,6134.391025641025,10750.0,6.34278631317996,39.123428457393736,88.04347826086956,0.7861371649038781,0.10639925497239407,0.8696514297641411
18013,70,9590.0,3973.0,0.0,0.5178571428571429,15647.695652173914,15000.0,12000.0,17800.0,8.842857142857143,41.3448275862069,79.3103448275862,0.5862068965517241,0.3448275862068966,1.3462742642454602
18014,323,48362.0,25296.0,0.026814911706998037,0.6926256254078746,7922.446275425441,8600.0,3547.2972972972975,10750.0,6.555911666184194,37.23264547754586,86.47058823529412,0.6640970904490828,0.29648956356736245,0.8077645585472761
18015,264,49240.0,25078.0,0.0053149293986990325,0.6148068669527897,8744.622094071005,8504.027649769585,5160.0,12000.0,8.43830219333875,38.78722386155196,88.7218045112782,0.7306005263577637,0.13254645506021215,0.7628887497390942
18016,169,25098.0,10896.0,0.015184381778741865,0.5615866388308977,9319.302916577311,8447.415662650603,5868.417266187051,12141.871921182263,7.6991792174675275,33.34113436123348,88.46153846153845,0.7233847283406755,0.1952092511013216,0.6731371321227301
18017,5603,423381.0,219002.0,0.024129188073987264,0.654809201813701,11932.403273113709,10320.0,7740.0,14000.0,9.715966569286477,38.08622752303632,86.05935127674258,0.4626761399439275,0.4616578844028822,0.9932587208611086
18018,339,49361.0,24546.0,0.03608874926369527,0.6145028957528957,9557.89802346282,8600.0,4730.0,10750.0,8.284090678876035,35.81402265134849,88.62275449101796,0.735924386865477,0.18768842173877617,0.8131446174220339
18020,1586,246835.0,139589.0,0.030470356170472855,0.7428188842632876,13431.820943797644,12000.0,8600.0,17174.08647260274,8.142459537747888,43.7430599832365,91.22609673790775,0.45364606093603366,0.504724584315383,1.1663653006694967
19004,64,31104.0,16038.0,0.0,0.6470588235294118,10784.285714285714,10750.0,9245.0,12900.0,7.5625,40.39393939393939,63.63636363636363,0.3939393939393939,0.42424242424242425,0.8975161761636402
19005,61,21472.0,7744.0,0.0,0.46808510638297873,10287.777777777777,10535.0,6450.0,12900.0,7.737704918032787,43.13636363636363,81.81818181818183,0.5909090909090909,0.4090909090909091,0.7576435495898582
19006,1320,687775.0,339318.0,0.024530617994486144,0.64380250487223,17161.652465677522,12975.295857988165,10000.0,20573.61227154047,9.628942269703513,40.960470708892544,62.208398133748055,0.2285054138006236,0.7257027331293948,0.8975161761636402
19008,110,38889.0,14904.0,0.0,0.49095760450637416,8971.942917547569,8465.822784810127,5000.0,12900.0,7.3031705623698215,38.2457729468599,85.71428571428571,0.644927536231884,0.3073671497584541,0.7969987586373574
19009,466,218390.0,99625.0,0.04578324792873904,0.6260981679709754,14825.246933380855,12900.0,8486.229946524065,18060.0,8.46651403452539,41.57647176913425,71.49532710280374,0.3848732747804266,0.5862986198243413,0.8975161761636402
19010,207,94129.0,45979.0,0.029344085794506956,0.7153324784759113,13290.98096024419,12040.0,9541.081560283688,15050.0,7.166059344091619,42.114095565366796,86.27450980392157,0.33604471606603015,0.6548424280649862,1.2116468378209142
19011,47,15698.0,6680.0,0.047619047619047616,0.5,12514.055555555555,9675.0,6450.0,15000.0,6.574468085106383,31.05,90.0,0.5,0.5,0.8975161761636402
19012,171,68796.0,37131.0,0.015458450442806386,0.7420656002203727,10423.160696234521,9890.0,8108.726355611601,12900.0,7.257573980115553,44.68535724866015,84.26966292134831,0.26840106649430395,0.731598933505696,0.9872677937800042
19014,174,46055.0,18537.0,0.0,0.49252065786327287,6511.995320993601,3001.779497098646,834.9049079754601,6450.0,6.157014494654686,38.69844095592599,75.71428571428571,0.8749527971084857,0.08965852079624535,0.17397203089125443
19017,276,73314.0,26796.0,0.0985062575696407,0.5489804964539007,8456.556670602125,8521.875,6450.0,10320.0,6.349046566822162,42.373264666368115,78.43137254901961,0.6016569637259293,0.36139722346618897,0.8077645585472761
19018,818,445962.0,200542.0,0.012531575137748847,0.6147851406965222,11645.927595128851,10750.0,8600.0,12935.895404120445,7.889337240757439,42.217714992370674,70.18970189701898,0.35847852320212226,0.6130237057573975,0.9313198008519593
19019,176,100149.0,50357.0,0.011406023008363108,0.6016062359749617,18152.557303460057,13825.753424657534,8600.0,21224.11561691113,11.092630038714397,43.10085986059535,49.43820224719101,0.2425879222352404,0.5540838413725996,0.15367738150101354
19021,1046,564035.0,266866.0,0.026981105933655648,0.6274050783538372,14446.76036181016,12000.0,8600.0,15540.240096038428,8.705870878619093,40.920536898668246,69.4949494949495,0.3616384252771054,0.5720623833684321,0.8975161761636402
19025,457,200493.0,97743.0,0.02853479635040849,0.6549409919087636,12744.103259797706,11128.488745980707,8600.0,14089.171974522278,7.935733817229296,45.35814329414894,72.19730941704036,0.32754263732441197,0.6306640884769242,0.9918635091398781
19026,1370,726944.0,346006.0,0.026612953137571525,0.5882861114788825,16380.19746099192,12900.0,9394.183673469388,20000.0,9.807241240880964,39.63361039981966,50.62305295950156,0.34749975433952013,0.5920648774876737,0.0
19031,1181,612484.0,273268.0,0.04033994135309301,0.6285801952703344,13851.637268571238,12369.761248852157,8600.0,17000.091491308325,7.968124631413406,39.88848676025001,65.24163568773234,0.34940790725588067,0.6362289034940058,0.8975161761636402
19033,49,19110.0,6630.0,0.05555555555555555,0.45,13977.272727272728,10750.0,8600.0,17045.0,8.306122448979592,45.0,64.70588235294117,0.6470588235294118,0.35294117647058826,0.8975161761636402
19034,71,30175.0,14025.0,0.0,0.6346153846153846,9302.708333333334,9245.0,5870.000000000001,12900.0,6.76056338028169,41.121212121212125,72.72727272727273,0.3939393939393939,0.5757575757575758,0.8348987685243164
19038,336,127342.0,62016.0,0.03083342449483505,0.6540234466828156,11448.82273222811,10750.0,8600.0,13049.999999999998,7.615661666124566,41.24587203302374,85.54216867469879,0.39839718782249744,0.5828495872033024,0.9960342308495095
19039,2186,1075563.0,495637.0,0.03243898534711295,0.5650347717447787,18051.667853832816,12900.0,8600.0,20000.0,10.168400089342372,39.03694235902485,53.10957551826259,0.379366350776879,0.5613584135163436,0.4487580880818201
19041,58,26970.0,13950.0,0.03225806451612903,0.7380952380952381,13845.095238095239,9460.0,7256.25,12577.5,6.844827586206897,44.43333333333333,70.0,0.36666666666666664,0.6333333333333333,0.8189835107493215
19044,45,18090.0,9648.0,0.0,0.5853658536585366,12177.857142857143,11160.0,8600.0,12900.0,9.555555555555555,39.333333333333336,58.333333333333336,0.5,0.5,0.7169693174702566
19045,233,96366.0,37917.0,0.01886353050768514,0.5945504341601568,13269.448361381754,12156.46916565901,8600.0,14387.698412698412,7.201951127701622,40.863069335654195,74.44444444444444,0.31421262230661706,0.6742094574992747,1.0692213721370547
19046,795,459539.0,231805.0,0.024151518468312972,0.5931728512210958,15822.189128074515,12900.0,9381.22213622291,20000.0,10.942051784440231,36.472427255667476,54.73145780051151,0.29925152606716854,0.6275188196975906,0.3223307507652946
19047,195,95890.0,46314.0,0.0314930991217064,0.6588410349673472,11673.091413457196,10750.0,7473.167330677292,13523.681818181816,8.382815448484086,40.674094226367835,66.3157894736842,0.42578917821824935,0.5384548948482101,0.7983844209885566
19048,520,271303.0,125409.0,0.038016338741226556,0.5743508181409652,14938.43810058575,12000.0,8600.0,17000.0,9.255695661308573,42.02440813657712,63.33333333333333,0.322903459879275,0.6186318366305449,0.8358955922957141
19049,127,42102.0,18345.0,0.0,0.4841804838271269,13991.818499404526,12900.0,5167.50919117647,18388.08962264151,8.442639304546102,34.91185609157809,69.49152542372882,0.6348323793949305,0.2788225674570728,0.7061822552827016
19999,115,26294.0,13428.0,0.0,0.5773000859845228,11100.25432683549,12029.387755102041,6004.58904109589,15050.0,7.743743819882863,39.38978254393804,81.48148148148148,0.645218945487042,0.29267202859696156,0.8348987685243164
20002,132,48786.0,16796.0,0.0,0.45291770035594864,5868.38241385803,4191.545189504373,2580.0,8571.793002915452,6.03804370106178,29.172183853298403,61.702127659574465,0.8192426768278162,0.16837342224339127,0.2565807227463628
20005,35,13895.0,8734.0,0.043478260869565216,0.7419354838709677,6612.857142857143,5160.0,3440.0,9450.0,7.714285714285714,35.31818181818182,63.63636363636363,0.7272727272727273,0.22727272727272727,0.30995616781465246
20009,60,24780.0,7434.0,0.0,0.45,6729.5,5805.0,3225.0,6880.0,5.933333333333334,34.0,55.55555555555556,0.9444444444444444,0.0,0.17950323523272804
20014,49,11025.0,4275.0,0.09523809523809523,0.5675675675675675,12377.0,12450.0,9000.0,15200.0,9.673469387755102,39.31578947368421,52.63157894736842,0.3157894736842105,0.6842105263157895,0.6282613233145481
20015,87,34278.0,16154.0,0.046511627906976744,0.6615384615384615,2957.814814814815,2150.0,625.0,3870.0,3.3448275862068964,28.170731707317074,65.85365853658537,1.0,0.0,0.06261740763932373
20021,57,8721.0,4284.0,0.034482758620689655,0.6590909090909091,6914.1578947368425,5375.0,2687.5,8922.5,8.140350877192983,45.57142857142857,67.85714285714286,0.75,0.25,0.291692757253183
20023,130,7916.0,3704.0,0.0,0.621160409556314,7988.847870182556,7740.0,4482.602739726027,9481.315789473685,7.854724608388075,43.65766738660907,55.73770491803278,0.7877969762419006,0.20356371490280778,0.21764767271968274
20026,45,15345.0,9207.0,0.06896551724137931,0.8,9433.055555555555,8300.0,3440.0,13000.0,8.955555555555556,41.851851851851855,66.66666666666666,0.7777777777777778,0.14814814814814814,0.3590064704654561
20028,45,24930.0,12742.0,0.0,0.5897435897435898,6772.5,7525.0,2795.0,10750.0,5.5777777777777775,45.78260869565217,17.391304347826086,0.9565217391304348,0.043478260869565216,0.0
20039,107,78516.0,41109.0,0.018480051572236946,0.6737934362934362,12821.161066168845,10579.497950819672,8171.283932501834,16000.0,9.156019155331398,44.655671507455786,48.214285714285715,0.6213724488554818,0.3454717944975553,0.0
20041,49,18032.0,9200.0,0.038461538461538464,0.5909090909090909,5475.0,4730.0,3547.5,6647.499999999999,8.204081632653061,44.32,76.0,0.96,0.04,0.4174493842621582
20043,104,56844.0,22938.0,0.035083291267036854,0.4733572281959379,8338.547626532538,8147.913669064748,5091.798561151079,10000.0,9.166350010555204,47.94114569709652,79.48717948717949,0.7475804342139681,0.22887784462464034,0.7024606826204931
20044,51,24174.0,9006.0,0.0,0.4634146341463415,9397.6,8987.0,4890.0,12900.0,6.980392156862745,37.578947368421055,78.94736842105263,0.7368421052631579,0.2631578947368421,0.6731371321227301
20045,69,4209.0,2196.0,0.0,0.6923076923076923,15438.181818181818,14095.0,10750.0,20000.0,9.782608695652174,45.75,61.111111111111114,0.4444444444444444,0.5277777777777778,0.9408265497808391
20057,41,30955.0,17365.0,0.0,0.6388888888888888,14380.0,8600.0,7500.0,17030.0,10.3,43.73913043478261,69.56521739130434,0.5652173913043478,0.34782608695652173,0.8348987685243164
20059,59,47318.0,21654.0,0.0,0.5625,10354.545454545454,9890.0,4935.0,13600.0,10.76271186440678,34.44444444444444,40.74074074074074,0.5185185185185185,0.48148148148148145,0.0
20066,68,28084.0,17346.0,0.0,0.8,5065.724137931034,6020.0,1558.7499999999998,7525.0,5.1911764705882355,28.69047619047619,69.04761904761905,0.9761904761904762,0.0,0.17950323523272804
20067,2336,271262.0,130876.0,0.016923435164389426,0.5866783103636292,10906.207708499673,9030.0,6020.0,14000.0,9.831258680299046,40.21187994743116,52.46478873239436,0.5646489807145695,0.36933433173385494,0.17950323523272804
20072,63,34902.0,18282.0,0.029411764705882353,0.8048780487804879,5069.5,2472.4999999999995,1000.0,9460.0,5.063492063492063,37.36363636363637,90.9090909090909,1.0,0.0,0.22437904404091005
20079,99,59356.0,30590.0,0.03937947494033413,0.6329305135951662,9811.662337662337,10193.939393939394,4028.9130434782614,13763.636363636364,9.465428937259922,41.869565217391305,68.75,0.5975155279503106,0.37763975155279506,0.7628887497390942
20083,138,10883.0,5183.0,0.0,0.5873287671232876,10243.028495692512,9549.382022471911,7607.039473684211,13222.935779816513,8.591472939446843,46.25969515724484,60.86956521739131,0.4590005788153579,0.5199691298475786,0.6261740763932373
20085,88,57288.0,19530.0,0.0,0.5272727272727272,9132.5,10320.0,3000.0,12900.0,3.6704545454545454,41.3,73.33333333333333,0.9666666666666667,0.0,0.38144437486954696
20090,197,47813.0,25623.0,0.0,0.6775708458565908,6827.090776077547,6007.876588021779,2580.0,9030.0,6.374207851421161,38.686999960972564,63.725490196078425,0.855208211372595,0.10217382820122546,0.23590620921553926
20091,90,8309.0,3712.0,0.0,0.5345622119815668,11857.08477937531,10320.0,6450.0,16316.123595505618,10.517390781080756,44.86584051724138,53.65853658536586,0.755926724137931,0.1478987068965517,0.40770692206978987
20107,314,26361.0,11568.0,0.031074629365943546,0.5978168344098943,10236.954415501907,9030.0,6017.045454545455,12900.0,7.673828423141505,43.08592669432918,57.55395683453237,0.7689315352697096,0.20280082987551867,0.35519882608173153
20115,71,6421.0,3971.0,0.0,0.7339329211167323,8095.833333333333,7740.0,6083.333333333333,9600.0,8.816695218813269,40.13850415512465,69.76744186046511,0.7786451775371444,0.2213548224628557,0.6073888541014402
20124,58,19140.0,10890.0,0.0,0.673469387755102,7279.925925925926,5160.0,3565.75,11932.499999999996,5.327586206896552,46.54545454545455,81.81818181818183,1.0,0.0,0.5218117303276978
20131,80,32000.0,14400.0,0.02702702702702703,0.6271186440677966,8417.2,7740.0,4300.0,10427.5,5.4625,37.833333333333336,69.44444444444444,0.9722222222222222,0.027777777777777776,0.4936338968900022
20150,95,31445.0,12578.0,0.07317073170731707,0.5394736842105263,11675.0,12020.0,8720.0,15050.0,8.273684210526316,46.6578947368421,63.1578947368421,0.7368421052631579,0.23684210526315788,0.8787309538718431
20157,134,16183.0,7400.0,0.015040596299747105,0.5886547050066598,11909.831764705883,9384.497991967872,5219.527559055118,19202.57234726688,10.00006179323982,42.04689189189189,58.333333333333336,0.6098648648648649,0.3651351351351351,0.5055334730881272
20166,128,46963.0,16398.0,0.05985552115583075,0.4704517869184086,7361.672489082969,5351.078697421981,3198.4396200814112,12212.99185888738,7.479057981815472,36.50530552506403,60.0,0.7802780826930114,0.1959995121356263,0.2087246921310791
20184,396,321074.0,128894.0,0.0065207337752427935,0.4983379026046842,10527.985742267572,9030.0,5160.0,12973.091475628757,7.170451853421942,40.61877977252626,63.030303030303024,0.6753223579064969,0.28687914099958106,0.6282613233145481
20185,143,51051.0,21777.0,0.0,0.5959595959595959,6533.709677419355,6450.0,2212.5,10320.0,6.293706293706293,39.540983606557376,50.81967213114754,0.8524590163934426,0.11475409836065574,0.02609058651638489
20188,44,17116.0,7780.0,0.09090909090909091,0.5945945945945946,4698.461538461538,2150.0,1021.25,7525.0,5.340909090909091,36.3,65.0,0.9,0.05,0.10097056981840953
20190,66,22836.0,11072.0,0.0,0.6666666666666666,8650.588235294117,8000.0,6127.5,10964.999999999998,5.696969696969697,53.0625,53.125,0.8125,0.125,0.11949488624504279
20198,169,85623.0,38571.0,0.0,0.5655323079629928,6656.68508621559,3916.8053097345137,1221.6410256410256,8342.105263157895,4.9459607815657005,36.244095304762645,51.35135135135135,0.8377019003914858,0.09307510824194343,0.025392744138622744
20205,75,50925.0,10864.0,0.0,0.3333333333333333,5375.0,5374.999999999999,2150.0,9030.0,3.3866666666666667,35.4375,37.5,1.0,0.0,0.0
20207,131,73056.0,33704.0,0.01668806161745828,0.5988420812066733,5765.409371384497,5160.0,1290.0,8028.6713286713275,5.524036355672361,34.93413244718728,61.66666666666667,0.9321148825065274,0.050913838120104436,0.11218952202045503
20227,187,16467.0,8115.0,0.02393553043059899,0.6069056135484342,9537.833629893239,8611.197916666666,6063.511904761905,12991.616766467067,8.932106637517458,42.97030191004313,38.775510204081634,0.6782501540357363,0.3027726432532348,0.0
20277,65,30875.0,18525.0,0.0,0.7169811320754716,6534.8125,7120.0,3185.0,9850.0,4.092307692307692,28.333333333333332,41.02564102564102,1.0,0.0,0.0
20278,176,75018.0,23081.0,0.03073951203124344,0.39557135500589713,6384.435076010382,5160.0,3010.0,8979.357798165138,6.115360350081211,33.15666565573415,57.407407407407405,0.7242753780165504,0.25315194315670897,0.18897797413656683
20293,216,17782.0,9075.0,0.03519030406123751,0.6308879263670818,12855.068875651526,12000.0,8600.0,15000.0,10.659768305027557,42.311404958677684,58.18181818181818,0.47261707988980717,0.4315151515151515,0.8087982427368776
20298,106,20352.0,9408.0,0.0,0.6533333333333333,7544.594594594595,6450.0,4300.0,8700.0,5.019047619047619,43.204081632653065,75.51020408163265,0.9387755102040817,0.02040816326530612,0.5609476101022751
20307,56,37072.0,15888.0,0.0,0.5714285714285714,6088.894736842105,6450.0,2257.5,9000.0,6.781818181818182,35.291666666666664,79.16666666666666,0.75,0.25,0.33656856606136504
20312,147,42189.0,14063.0,0.0392156862745098,0.47619047619047616,4033.222222222222,1610.0,1000.0,6450.0,4.802721088435374,38.48979591836735,36.734693877551024,0.9183673469387755,0.04081632653061224,0.0
20318,62,39556.0,17226.0,0.0,0.6428571428571429,10912.307692307691,12000.0,5120.0,14800.000000000002,7.467741935483871,45.81481481481482,48.148148148148145,0.6296296296296297,0.2962962962962963,0.0
20324,127,52050.0,29364.0,0.0,0.7322111706197398,10507.522207267833,8775.550458715596,5759.577464788732,12900.0,6.537291066282421,36.56579485083776,62.857142857142854,0.9372701266857376,0.04924397221087046,0.35569368406741236
20330,122,33794.0,14681.0,0.0,0.53125,6003.08,4300.0,1280.0,7955.0,5.254098360655738,22.41509433962264,47.16981132075472,0.9245283018867925,0.018867924528301886,0.0
20334,166,94545.0,45132.0,0.0,0.6403132467682031,9214.343595024526,8600.0,3176.1964980544753,12900.0,6.426602622133705,39.89920677124878,81.0126582278481,0.8582159000265887,0.048302756359124344,0.6731371321227301
20350,128,12041.0,5746.0,0.0,0.5622859379587044,12367.660266840221,10869.68085106383,6818.426395939086,17044.444444444445,11.590399468482683,39.199791159067175,54.09836065573771,0.4368256178210929,0.4658893143056039,0.17413764939696708
20375,145,10467.0,5183.0,0.017440758293838864,0.6845566956064194,9515.673327782404,8464.406779661018,5160.0,12900.0,7.896245342505016,42.78120779471349,73.61111111111111,0.6970866293652325,0.27860312560293266,0.6217416082120271
20385,1228,119608.0,59469.0,0.021150870724561347,0.6160126736534243,10838.013026750281,9743.839449541285,6020.0,14000.0,9.698721977791745,40.31922514251122,56.47840531561462,0.600161428643495,0.369066236190284,0.3056457398237935
20386,173,96756.0,33480.0,0.0,0.4903894215476894,6645.636651494162,5124.945652173914,1743.765873015873,8600.0,4.206405139079457,31.33951612903226,45.0,0.9665770609318997,0.03342293906810036,0.0
20390,354,31847.0,16726.0,0.023755325979104652,0.6180873483031757,11290.005811250581,9000.0,5638.196721311475,15660.650887573966,10.3867859167349,39.235561401410976,52.94117647058824,0.5837020208059309,0.35352146358962094,0.08348517584585213
20397,185,120681.0,58222.0,0.0,0.6687337892006602,11842.020823411123,10875.0,8000.0,17200.0,8.911319926086128,41.133317302737794,63.04347826086957,0.6714472192641957,0.27702586651094085,0.8348987685243164
20399,366,35459.0,16577.0,0.0,0.5814822650024681,10579.58173076923,9030.0,5160.0,13191.216931216934,9.122225669082603,40.05682572238644,59.64912280701754,0.6340109790673825,0.3467454907401822,0.35834733985872674
20406,117,29367.0,12550.0,0.0,0.4948453608247423,3078.3888888888887,2365.0,1505.0,3440.0,3.230769230769231,31.86,36.0,0.94,0.0,0.0
20409,63,5864.0,2836.0,0.0,0.6127917026793431,8832.527706734867,8149.277108433735,4237.044198895028,10882.22891566265,9.07349931787176,39.66114245416079,41.935483870967744,0.6974612129760226,0.268688293370945,0.0
20413,56,52920.0,27405.0,0.03333333333333333,0.7317073170731707,9307.84,9030.0,6450.0,10750.0,7.160714285714286,41.3448275862069,86.20689655172413,0.7241379310344828,0.27586206896551724,0.8975161761636402
20414,129,54482.0,23324.0,0.0,0.578130657425128,5550.611931993818,4454.268041237114,1310.0240096038413,7740.0,5.968319812048016,38.00728862973761,69.64285714285714,0.8869833647744813,0.03571428571428571,0.15693315522827792
20427,57,34827.0,20163.0,0.029411764705882353,0.673469387755102,6648.888888888889,4730.0,2150.0,10750.0,7.7894736842105265,29.757575757575758,54.54545454545454,0.9696969696969697,0.030303030303030304,0.10436234606553955
20439,59,42008.0,19936.0,0.0,0.7,10020.538461538461,10535.0,7740.0,11180.0,6.101694915254237,38.107142857142854,92.85714285714286,0.9285714285714286,0.03571428571428571,1.0770194113963683
20447,45,17100.0,6840.0,0.0,0.5483870967741935,5981.363636363636,5160.0,2257.5,8062.5,5.933333333333334,33.611111111111114,61.111111111111114,0.8888888888888888,0.1111111111111111,0.21655186808599458
20450,91,38038.0,12122.0,0.0,0.5,4694.166666666667,3225.0,2580.0,5375.0,4.241758241758242,15.827586206896552,20.689655172413794,1.0,0.0,0.0
20453,41,23083.0,10134.0,0.0,0.5,7412.727272727273,8400.0,4725.0,10000.0,8.439024390243903,50.05555555555556,61.111111111111114,0.6111111111111112,0.3333333333333333,0.30265080359006474
20462,44,20284.0,9681.0,0.045454545454545456,0.6176470588235294,5644.0,5400.0,3540.0,7740.0,7.045454545454546,38.333333333333336,71.42857142857143,0.8571428571428571,0.09523809523809523,0.5385097056981841
20466,61,28121.0,12908.0,0.0,0.574468085106383,4772.5,3500.0,1290.0,5160.0,6.262295081967213,31.678571428571427,50.0,0.9642857142857143,0.0,0.03365685660613646
20469,71,30175.0,16150.0,0.0,0.7659574468085106,6666.192307692308,6450.0,4000.0,9600.0,6.352112676056338,37.973684210526315,68.42105263157895,0.9210526315789473,0.07894736842105263,0.4174493842621582
20482,73,57159.0,31320.0,0.0,0.7115384615384616,6596.272727272727,6450.0,2580.0,8600.0,5.068493150684931,40.475,55.00000000000001,0.95,0.025,0.09731788770611566
20483,54,22410.0,12450.0,0.0,0.6976744186046512,8737.181818181818,8600.0,4300.0,12900.0,7.537037037037037,39.56666666666667,73.33333333333333,0.7333333333333333,0.2,0.6457420162805259
20505,41,17630.0,8170.0,0.05,0.5555555555555556,6001.0,5160.0,4300.0,6181.249999999999,7.2926829268292686,28.842105263157894,78.94736842105263,0.8421052631578947,0.10526315789473684,0.4487580880818201
20515,232,80345.0,35008.0,0.006357856494096276,0.5572622728239355,8132.420419925896,8600.0,4398.604651162791,10320.0,7.192196154085506,38.11877285191956,68.04123711340206,0.8631741316270567,0.12757084095063986,0.5276862558250763
20516,47,19881.0,10152.0,0.0,0.6666666666666666,8210.9375,8600.0,2500.0,12160.0,6.468085106382978,39.125,66.66666666666666,0.7083333333333334,0.16666666666666666,0.2609058651638488
20517,120,40080.0,18036.0,0.0,0.6666666666666666,7912.4,3500.0,2337.5,11932.5,3.683333333333333,25.944444444444443,46.2962962962963,0.9814814814814815,0.018518518518518517,0.0
20526,67,29145.0,16530.0,0.0,0.7307692307692307,7914.391304347826,6450.0,3056.25,9030.0,5.462686567164179,34.94736842105263,60.526315789473685,0.9210526315789473,0.07894736842105263,0.24681694844500102
20543,66,22704.0,9976.0,0.0,0.5384615384615384,5856.153846153846,6450.0,1773.75,9352.5,5.742424242424242,43.51724137931034,44.827586206896555,0.9310344827586207,0.034482758620689655,0.0
20551,89,30470.0,12100.0,0.0,0.4993809327280231,5321.320535194881,3858.7826086956525,2472.5,5998.062015503878,4.644404332129964,31.810743801652894,67.44186046511628,0.9190082644628099,0.07520661157024794,0.26925485284909206
20553,134,12214.0,6661.0,0.0182756079587325,0.6709186195985365,11141.947697111631,8815.0,6886.5819209039555,12900.0,8.377681349271327,39.25701846569584,60.810810810810814,0.704548866536556,0.23600060051043387,0.550084815112993
20557,60,20880.0,5220.0,0.0,0.3111111111111111,10133.333333333334,12900.0,4515.0,16000.0,7.45,37.06666666666667,80.0,0.6,0.4,0.5385097056981841
20570,119,58793.0,30962.0,0.02702532838916473,0.6977486221746212,6301.011780173547,3965.08166969147,2037.9969418960245,10005.66860465116,6.0209548755804265,25.89619533621859,63.49206349206349,0.9027840578773981,0.06943995865900136,0.11132781457587718
20999,1685,736334.0,302736.0,0.0015896153922260552,0.5550804608832167,5974.251620688894,4916.6857142857125,1500.0,8600.0,5.460553227203959,34.10005086940436,48.224043715846996,0.935623777813012,0.035304687912901006,0.0
21004,91,34944.0,18432.0,0.0,0.7230769230769231,6735.757575757576,6880.0,4165.75,8600.0,6.054945054945055,43.270833333333336,68.75,0.9583333333333334,0.0,0.4487580880818201
21008,73,71613.0,28449.0,0.03333333333333333,0.5357142857142857,10906.666666666666,7155.0,5160.0,15050.0,7.63013698630137,45.275862068965516,62.06896551724138,0.6551724137931034,0.3103448275862069,0.5385097056981841
21010,335,221317.0,90520.0,0.00892319483221109,0.5810636970815249,7238.914331784451,7740.0,4300.0,9438.955441928416,5.193523707774629,38.82546398585948,64.17910447761194,0.8240609809986743,0.1654441007512152,0.40388227927363807
21015,506,112666.0,55066.0,0.03744231576003356,0.6531186565787046,8636.023750335931,6880.0,5160.0,10750.0,7.431921696108025,41.57841499291759,53.62903225806451,0.681618421530527,0.31435005266407584,0.13462742642454603
21017,153,107614.0,53126.0,0.0,0.667703392685898,5909.255592512881,4726.023121387283,3729.617647058824,7807.73121387283,6.160202204174178,37.67390731468584,58.44155844155844,0.9419493280126492,0.026051274328953808,0.20927965425368644
21019,184,93645.0,47187.0,0.0,0.6763415892672858,6554.154100165108,6385.669291338584,4300.0,6610.284090909091,5.846516098029793,40.474346748045015,68.81720430107528,0.8441731832920084,0.0812511920656113,0.4936338968900021
21020,173,159532.0,86666.0,0.01060562817512415,0.7378801177138726,7932.011626435223,6450.0,4962.498643516006,10646.910557986872,6.983476669257579,39.17723213255486,63.829787234042556,0.8609950845775737,0.07468903606950823,0.43234177213039515
21034,222,48728.0,26193.0,0.0142260359038049,0.7031033009293879,12161.011455125088,9020.89861751152,6450.0,16113.121257485029,8.532958463306517,38.102966441415646,67.82608695652173,0.6810980032833199,0.2637727637154965,0.7305364224587769
21041,510,141315.0,65971.0,0.05061305549159567,0.6278426325949076,11443.290271091317,9000.0,6099.800613496933,12577.660687593425,8.968899267593674,40.124948841157476,60.66945606694561,0.5018871928574676,0.4333570811417138,0.4487580880818201
21044,64,48512.0,18192.0,0.0,0.4791666666666667,6413.444444444444,5795.0,4515.0,6450.0,5.640625,46.208333333333336,75.0,0.7916666666666666,0.16666666666666666,0.5385097056981841
21048,126,66092.0,28226.0,0.06013585508790623,0.6007601520304061,9804.177964892251,6450.0,3302.8280542986427,8600.0,6.785783453368032,42.038971161340605,50.943396226415096,0.7837454828881173,0.20059519591865657,0.01857980319433779
21057,65,59345.0,31955.0,0.0,0.6538461538461539,7975.476190476191,8600.0,4353.75,10105.0,5.2153846153846155,41.4,60.0,0.9714285714285714,0.0,0.31413066165727405
21058,77,75768.0,25584.0,0.0,0.52,6386.333333333333,6450.0,5160.0,7740.0,3.8181818181818183,48.23076923076923,57.692307692307686,0.8846153846153846,0.07692307692307693,0.3365685660613649
21067,126,128250.0,54756.0,0.0,0.5648500603472286,5771.835383962664,5160.0,2325.7664233576643,6727.459854014599,6.461076023391813,37.79547446855139,77.77777777777779,0.9293776024545255,0.03309226386149463,0.33656856606136504
21071,106,45580.0,21915.0,0.0,0.6454130466794287,5959.688191330344,6450.0,4082.8488372093025,7740.0,6.627248793330408,43.56194387405886,76.47058823529412,0.8619666894820899,0.05817932922655715,0.4487580880818201
21072,66,51810.0,30615.0,0.025,0.6896551724137931,7115.44,4386.0,3762.5,9437.5,8.848484848484848,42.15384615384615,64.1025641025641,0.8461538461538461,0.1282051282051282,0.3590064704654561
21076,70,48930.0,23067.0,0.0,0.5789473684210527,3069.6923076923076,2580.0,2187.5,3812.5,7.2,30.454545454545453,39.39393939393939,0.8787878787878788,0.0,0.0
21084,64,54272.0,29680.0,0.0,0.6037735849056604,4071.764705882353,3440.0,2096.25,6450.0,5.53125,39.74285714285714,48.57142857142857,1.0,0.0,0.0
21085,94,53856.0,21012.0,0.028840820854132,0.4881548666576418,8702.904704944178,7429.903846153848,5681.748633879782,11387.01923076923,9.763926024955436,33.37064534551685,71.05263157894737,0.7612792689891491,0.23872073101085095,0.6717824285920716
21086,84,59808.0,29192.0,0.0,0.5942028985507246,6830.806451612903,6450.0,4152.5,7740.0,6.428571428571429,41.073170731707314,75.60975609756098,0.8536585365853658,0.07317073170731707,0.6282613233145481
21090,59,11583.0,4895.0,0.0,0.5323545405111474,8676.732305936073,7740.0,5160.0,10750.0,7.9326599326599325,32.48661899897855,80.0,0.4970377936670072,0.3889683350357508,0.5848939450545403
21094,57,188556.0,105856.0,0.030303030303030304,0.7857142857142857,7704.0,6450.0,3171.25,11717.5,8.43859649122807,44.96875,46.875,0.65625,0.1875,0.0
21099,182,92130.0,32933.0,0.030127223465661445,0.515163928208396,8367.247997922168,8600.0,6450.0,10750.0,5.098643221534788,47.77681960343728,68.65671641791045,0.7677405641757508,0.21835241247381046,0.6731371321227301
21103,77,42350.0,15400.0,0.0,0.48214285714285715,7915.217391304348,8600.0,3977.5,10750.0,5.558441558441558,57.964285714285715,82.14285714285714,0.8571428571428571,0.14285714285714285,0.7404508453350029
21106,9,2724.0,996.0,0.0,0.5,,,,,12.352422907488986,55.06024096385542,0.0,0.0,1.0,0.0
21107,77,49511.0,20576.0,0.0,0.5849056603773585,5953.214285714285,3956.0,2580.0,6450.0,4.077922077922078,36.09375,43.75,0.96875,0.03125,0.0
21108,180,104965.0,46354.0,0.033848847388386345,0.5913638757240653,7668.748241912799,6450.0,4161.637931034483,9295.043103448275,7.6487210392393195,43.93219571126548,66.23376623376623,0.6969193597100574,0.1649048625792812,0.4174493842621582
21109,56,24584.0,14048.0,0.0,0.7272727272727273,6018.5,6836.999999999999,2970.0000000000005,8600.0,5.035714285714286,41.875,75.0,0.96875,0.0,0.4599770402838656
21110,61,36600.0,18600.0,0.0,0.6739130434782609,6603.4375,5825.0,5160.0,8600.0,6.655737704918033,42.87096774193548,51.61290322580645,0.9354838709677419,0.03225806451612903,0.13462742642454603
21114,6318,1718059.0,811708.0,0.030663314962651587,0.5836678932701472,10284.604254099351,8600.0,6450.0,12040.0,9.949514006472144,41.88607849128012,55.77371048252912,0.5150423551326339,0.41520842470445035,0.3590064704654561
21119,507,161037.0,77075.0,0.015393459376596832,0.5782836894153929,10089.921569690236,8600.0,6020.0,12595.623209169054,10.506765525935034,40.05427181316899,48.3739837398374,0.5528640934155044,0.3565617904638339,0.0
21125,59,11606.0,4151.0,0.0,0.48938929497759964,9431.542630057804,8332.731829573935,4999.955156950673,13768.308823529414,7.8194037566775805,40.53986991086485,66.66666666666666,0.6781498434112262,0.23078776198506384,0.5220082872126642
21128,69,67758.0,26514.0,0.0,0.5813953488372093,6490.0,6450.0,2360.0000000000005,8600.0,5.115942028985507,42.51851851851852,88.88888888888889,0.8518518518518519,0.14814814814814814,0.6731371321227301
21132,144,184439.0,82300.0,0.005990627566549109,0.5599042598740779,8384.941994238094,7740.0,4043.379222253761,10598.249917409978,7.805702698453147,42.446500607533416,58.82352941176471,0.6926245443499393,0.26352369380315915,0.3774800572532482
21136,62,11690.0,5118.0,0.04049493813273341,0.597379325792362,11373.967851099831,10619.342403628118,8349.426328502415,15210.925925925925,10.194183062446536,42.754591637358345,81.48148148148148,0.3194607268464244,0.6436107854630715,1.051192925510843
21138,289,114495.0,55401.0,0.005225166989872872,0.6506997547251478,6110.436288088643,6450.0,4300.0,7740.0,6.758973684210527,43.86191584989441,38.51851851851852,0.8938647316835436,0.06514322846158012,0.0
21140,573,152290.0,71865.0,0.023148651587646802,0.578387515232517,10957.789713988313,8600.0,6020.0,12080.260521042088,9.374075776479087,39.85347526612398,59.925093632958806,0.5811730327697766,0.3501426285396229,0.4487580880818201
21143,50,49700.0,36778.0,0.0,0.782608695652174,7121.772727272727,6579.0,3440.0,8600.0,7.82,46.972972972972975,59.45945945945946,0.7027027027027027,0.10810810810810811,0.3231058234189105
21145,151,125240.0,58160.0,0.0,0.6859602965797656,4265.889476213359,4076.7441860465115,2079.909638554217,5160.0,5.063557968700096,35.93294360385144,71.42857142857143,0.8868638239339752,0.027510316368638238,0.22437904404091005
21149,103,204802.0,102124.0,0.0,0.6545163712336369,11299.874193593529,7729.035192365047,6003.358339584896,11118.727846811978,6.77161844122616,44.17925267322079,68.62745098039215,0.7133288942853786,0.26108456386353845,0.6477535163377569
21154,142,71604.0,37722.0,0.012564787183917072,0.6966083150984683,7766.447506103941,6450.0,3980.9281437125746,8511.97604790419,8.559326294620412,34.58676634324797,45.33333333333333,0.699538730714172,0.14665182121838716,0.0
21156,316,296298.0,139127.0,0.0032311682356818408,0.6246358327179969,8702.878170693768,7740.0,4300.0,11366.42898889538,7.803066507367583,43.474034515227096,76.2589928057554,0.6486016373529222,0.2845457747238135,0.4936338968900021
21164,261,91765.0,37031.0,0.006652538962955015,0.5808252736065157,7499.003799982727,6450.0,4459.144908616188,8600.0,5.806571132784831,44.62345062245146,60.952380952380956,0.8910642434716859,0.06373038805325268,0.4098507055392182
21172,86,64242.0,31374.0,0.0,0.6949152542372882,7172.8387096774195,6020.0,3225.0,7740.0,6.564705882352941,37.76190476190476,73.80952380952381,0.8809523809523809,0.023809523809523808,0.4487580880818201
21174,95,55670.0,28714.0,0.0,0.6714285714285714,6914.605263157895,7525.0,5805.0,8600.0,6.684210526315789,42.6530612244898,77.55102040816327,0.8163265306122449,0.16326530612244897,0.6731371321227301
21177,141,142368.0,58244.0,0.034864452840193544,0.5907949112713718,9925.132531527324,8600.0,5590.0,9983.366336633664,7.0110979995504605,40.63731886546254,58.620689655172406,0.7507039351692878,0.08309868827690406,0.4253871223064698
21178,61,49105.0,22540.0,0.0,0.6585365853658537,3555.16,2580.0,860.0,5375.0,5.283333333333333,25.678571428571427,89.28571428571429,0.9642857142857143,0.0,0.26027969108745563
21181,26,5486.0,2954.0,0.0,0.7,10163.5,7870.0,4311.0,13680.0,8.0,44.5,85.71428571428571,0.7142857142857143,0.2857142857142857,0.6731371321227301
21184,58,48836.0,23576.0,0.0,0.6363636363636364,5800.666666666667,5160.0,3870.0,8385.0,5.068965517241379,32.785714285714285,53.57142857142857,0.9285714285714286,0.03571428571428571,0.20194113963681895
21188,92,60720.0,25740.0,0.0,0.6333333333333333,6215.454545454545,6450.0,4515.0,7740.0,4.130434782608695,40.82051282051282,28.205128205128204,0.8717948717948718,0.05128205128205128,0.0
21189,65,52065.0,25632.0,0.0,0.6595744680851063,6580.047619047619,6450.0,4676.25,8600.0,5.276923076923077,38.28125,65.625,0.96875,0.03125,0.43753913587977455
21195,178,55536.0,22464.0,0.0136986301369863,0.5737704918032787,6802.943396226415,6450.0,3225.0,8600.0,3.6271186440677967,33.361111111111114,73.61111111111111,0.9722222222222222,0.0,0.4487580880818201
21202,71,53889.0,23529.0,0.0,0.5769230769230769,8414.391304347826,7740.0,5160.0,8600.0,5.394366197183099,40.12903225806452,74.19354838709677,0.9032258064516129,0.0967741935483871,0.5385097056981841
21203,75,35250.0,15980.0,0.0,0.7083333333333334,6285.05,6235.0,3500.0,7310.0,4.662162162162162,42.94117647058823,58.82352941176471,0.9411764705882353,0.0,0.26925485284909206
21205,73,40369.0,20461.0,0.02631578947368421,0.72,5681.318181818182,5160.0,3600.0,7740.0,5.794520547945205,37.91891891891892,59.45945945945946,0.972972972972973,0.0,0.22437904404091005
21207,59,38114.0,23902.0,0.02631578947368421,0.7450980392156863,12284.91304347826,10000.0,6546.75,15750.0,12.0,41.810810810810814,62.16216216216216,0.4594594594594595,0.32432432432432434,0.6282613233145481
21208,73,237542.0,107382.0,0.029411764705882353,0.6538461538461539,7215.434782608696,6450.0,4300.0,9245.0,7.438356164383562,40.0,69.6969696969697,0.7878787878787878,0.21212121212121213,0.4487580880818201
21211,138,56304.0,26928.0,0.029411764705882353,0.625,5553.615384615385,5160.0,3278.75,7686.25,6.27536231884058,36.40909090909091,59.09090909090909,1.0,0.0,0.20194113963681903
21214,107,22577.0,12238.0,0.0,0.7037037037037037,7296.0,7740.0,4300.0,10320.0,5.859813084112149,43.706896551724135,65.51724137931035,0.9482758620689655,0.017241379310344827,0.42632018367772917
21217,184,81526.0,27680.0,0.0,0.4790988153609391,4791.335176137824,3870.0,2071.264367816092,6450.0,3.355628879130584,36.94895231213873,53.96825396825397,0.9860910404624278,0.0,0.16155291170945524
21999,57,41724.0,18300.0,0.0,0.5952380952380952,4054.285714285714,4300.0,3225.0,5160.0,7.491228070175438,39.88,56.00000000000001,0.92,0.08,0.22437904404091005
22001,310,50244.0,21075.0,0.004346388245854396,0.6262321524583309,8169.0440359477125,8600.0,4300.0,11746.159600997506,5.5090691170595285,38.96678529062871,59.68992248062015,0.7851008303677343,0.19658362989323844,0.3239758646100896
22002,70,13370.0,4011.0,0.0,0.44680851063829785,7009.166666666667,6987.5,6450.0,8600.0,5.3428571428571425,39.523809523809526,28.57142857142857,0.9523809523809523,0.047619047619047616,0.0
22004,184,36681.0,16147.0,0.0,0.5793061385570265,9983.196684953893,10750.0,7772.717391304348,10750.0,5.860447270335452,44.38979376974051,53.086419753086425,0.7091100514027373,0.25521768749612933,0.40388227927363807
22005,572,74753.0,32099.0,0.013067273398106014,0.6067623027975451,9342.756029517639,8600.0,7373.348214285714,10864.925373134329,5.958864527176167,44.629708090594725,68.42105263157895,0.5616062805694881,0.41895386149101216,0.8077645585472761
22006,1188,203581.0,101858.0,0.020322974675630705,0.6030310763627084,16298.84473874806,12900.0,8600.0,20000.0,10.693821730938572,38.397965795519255,49.57983193277311,0.3296059219698011,0.5096408725873275,0.0
22007,125,46362.0,24892.0,0.0,0.7007882882882883,12144.287122855452,10443.444976076555,6450.0,19275.418660287083,8.31568957335749,39.94705126144946,50.0,0.3673469387755102,0.28820504579784667,0.0
22008,50,8150.0,2608.0,0.058823529411764705,0.42105263157894735,6665.0,4300.0,3655.0,10320.0,6.58,26.375,50.0,0.875,0.0625,0.08975161761636402
22009,201,32157.0,13217.0,0.011886961722488038,0.5659173624491544,8531.777108433735,8053.295128939828,6029.0526315789475,10666.163522012579,6.701620176011444,43.38178103957025,52.38095238095239,0.8296890368464855,0.11765150941968677,0.25253893552799284
22011,1298,337368.0,161041.0,0.03203683334234933,0.6335092298020688,11525.045564717206,10091.111111111111,8000.0,12900.0,8.574367580892208,41.50451127352662,50.079239302694134,0.3269788438968958,0.6126576461894797,0.3149891055892401
22012,572,186738.0,83210.0,0.008767541038286518,0.5769801776042669,10693.110332071576,9890.22177419355,7740.0,12900.0,7.728335957330591,45.051976925850255,56.09756097560976,0.35053479149140726,0.5981853142651123,0.4892315232410978
22013,251,44247.0,17848.0,0.017234733770166842,0.5231757554806556,9287.624464285715,8600.0,6450.0,12900.0,6.837005898704997,41.541629314208876,63.0,0.7711788435679068,0.1899372478709099,0.6731371321227301
22014,4737,981283.0,486622.0,0.018907258064516128,0.6109851497050284,12851.130024083262,10750.0,8000.0,15000.0,9.950626569244802,40.98542811463518,48.103962505325946,0.3166667351661043,0.5705270209731578,0.0
22015,107,11561.0,5469.0,0.0,0.5863195730312603,8166.202919708029,8600.0,4693.404255319149,10750.0,6.719574431277571,38.31066008411044,56.60377358490566,0.8290363869080271,0.12872554397513256,0.012198196293374776
22016,1181,422845.0,193616.0,0.02780762625907589,0.6089481240223703,9472.713531353136,8600.0,6450.0,11428.508538899436,7.885102105972638,42.09453247665482,50.70921985815603,0.4452421287496901,0.48978390215684653,0.0551033187226065
22017,309,85815.0,42821.0,0.052381163140656814,0.6645011600928075,9616.541943270971,9030.0,7740.0,12093.051948051949,7.005733263415487,42.538941173723174,55.62913907284768,0.6038392377571752,0.3643072324326849,0.41831993583879096
23001,284,81260.0,51124.0,0.0,0.7674252660664673,11880.979930594316,10000.0,7396.016483516484,13000.0,8.332992862416933,40.28773178937485,69.41176470588235,0.5286949377982944,0.4192551443549018,0.8975161761636402
23002,278,73448.0,37863.0,0.007626985375058972,0.675317227041365,7375.777644949193,7263.281249999999,3881.4245951417,9020.961538461539,7.018816033111862,36.168343765681534,58.08823529411765,0.7977444999075615,0.15608905791934077,0.40388227927363807
23003,212,15900.0,6926.0,0.029564242678996776,0.5770070337133155,11820.820863546473,10691.666666666666,8600.0,14381.283422459894,7.477610062893082,45.11189719896044,82.79569892473118,0.5151602656656079,0.4523534507652325,1.0436234606553956
23004,753,309768.0,160681.0,0.03914439653883643,0.6671329789360086,11653.402013723731,9000.0,6000.0,13000.0,8.94495104207438,41.19826239567839,70.05494505494505,0.4600917345548011,0.3913530535657607,0.5356192959264506
23005,5618,966228.0,483431.0,0.024611150679237897,0.6469637947137509,14046.824755680102,12470.0,9030.0,16800.0,8.785523717162972,43.1099019301617,72.86271727562965,0.3347799375712356,0.6088521422912474,1.0436234606553956
23006,332,46821.0,18492.0,0.015387892018529364,0.6091294424519074,5066.58348369188,4358.16976127321,1151.4772727272727,7295.349650349649,5.280728732833557,33.324735020549426,40.94488188976378,0.8855721393034826,0.0627839065541856,0.0
23007,203,48567.0,24415.0,0.0,0.7083407171126469,9054.821985409813,7510.046296296296,3870.0,12923.617021276596,6.014742520641588,33.185746467335655,57.84313725490197,0.7931599426582019,0.19799303706737661,0.2107564271661848
23008,925,327962.0,174670.0,0.040912360463647796,0.6932893692373451,13070.612556998578,12000.0,9000.0,16000.0,8.84926071632721,45.03806606744146,77.89046653144015,0.3653861567527337,0.5704013282189271,1.0436234606553956
23009,238,62058.0,35790.0,0.003230657828775135,0.7398112663287593,12245.27678357434,12000.0,7553.970080552359,16654.545454545456,7.768587450449579,41.30773959206482,69.46564885496184,0.610841017043867,0.3309024867281363,0.8348987685243164
23010,152,23234.0,12249.0,0.020158387329013677,0.7110517035435983,6880.939118425596,6223.880597014925,2266.6860465116283,8600.0,7.563544281880357,29.211527471630337,67.94871794871796,0.8337007102620622,0.11062127520613928,0.31600918388645377
23011,178,20126.0,8506.0,0.01948126801152738,0.544980525191607,17428.085593518845,12900.0,10157.74647887324,20362.90322580645,9.522658762057878,44.86456618857277,67.94871794871796,0.40735951093345873,0.5177521749353398,1.067435366361237
24001,124,37844.0,11622.0,0.07387042792254363,0.44671080734728746,9103.724709567941,8600.0,5813.459016393443,10750.0,6.025975055490963,36.03458957150232,65.78947368421053,0.7082257786955773,0.29177422130442265,0.586963652085756
24002,124,33537.0,9462.0,0.027843419295181342,0.34941662179141986,5025.444687289845,4083.8077634011092,2148.8077634011092,7740.0,6.662164176879267,19.553054322553372,62.857142857142854,0.9142887338829,0.05707038681039949,0.15706533082863702
24003,114,36308.0,9213.0,0.03629707112970711,0.3669302218469333,7528.535416666667,7740.0,5160.0,10373.20707070707,4.328660350336014,43.14902854661891,68.96551724137932,0.9677629436665581,0.03223705633344188,0.5385097056981841
24005,99,43776.0,24460.0,0.0,0.6659612385832034,8020.713043478261,8210.888382687928,5160.0,10000.0,7.8331962719298245,35.33172526573998,54.54545454545454,0.7077677841373672,0.2512673753066231,0.2279262127518509
24006,74,21756.0,10584.0,0.02702702702702703,0.6545454545454545,10351.0,5160.0,3877.75,9974.999999999998,5.675675675675675,37.833333333333336,47.22222222222222,1.0,0.0,0.0
24007,135,24030.0,10502.0,0.06349206349206349,0.5754716981132075,8919.682926829268,8600.0,7935.0,10750.0,6.385185185185185,25.338983050847457,69.49152542372882,0.5254237288135594,0.4576271186440678,0.8526403673554581
24008,35,17640.0,7560.0,0.0,0.6,7564.727272727273,6020.0,3547.5,12362.5,7.114285714285714,35.333333333333336,73.33333333333333,0.9333333333333333,0.0,0.40388227927363807
24010,93,34038.0,9882.0,0.0,0.421875,7900.772727272727,8772.0,6450.0,9030.0,5.1208791208791204,43.74074074074074,81.48148148148148,0.7777777777777778,0.2222222222222222,0.8077645585472761
24011,76,21052.0,9695.0,0.027777777777777776,0.6,7013.333333333333,6450.0,4300.0,8815.0,8.06578947368421,39.2,60.0,0.7142857142857143,0.2,0.4487580880818201
24013,428,178563.0,77902.0,0.04417069519766386,0.5612892118040013,11709.938316752747,9171.196013289036,6450.0,14035.353535353539,9.221378675231913,36.945919231855406,69.72972972972973,0.482285435547226,0.42883366280711666,0.8348987685243164
24015,58,22762.0,8779.0,0.0,0.4575970810529059,6847.826008319768,5593.302611367128,3290.293846153846,8375.345622119816,5.471619365609349,36.44652010479553,56.52173913043478,0.8889395147511107,0.0740403234992596,0.3232715187129715
24016,198,65528.0,34396.0,0.03533767107920126,0.6437144203923275,7751.111180414782,6450.0,4382.894736842106,10320.0,8.887315346111587,33.729154552854986,57.28155339805825,0.6802535178509129,0.24540644260960576,0.252135823743302
24018,54,17928.0,10292.0,0.0,0.7777777777777778,7315.6,5160.0,2902.5,11062.5,6.666666666666667,38.193548387096776,80.64516129032258,0.9354838709677419,0.06451612903225806,0.5218117303276978
24019,55,18865.0,5145.0,0.11764705882352941,0.3541666666666667,3046.285714285714,2580.0,1384.25,3631.75,3.962962962962963,29.466666666666665,46.666666666666664,0.9333333333333333,0.0,0.0
24020,200,59223.0,26395.0,0.017823919029545287,0.6201609629116615,8665.542119225187,8600.0,6450.0,11328.794363256784,6.869078936202712,41.91096798636105,73.91304347826086,0.5573025194165562,0.41284334154195873,0.8077645585472761
24021,134,39399.0,15948.0,0.016466234967622572,0.5730491942324003,9161.937854994989,9023.349056603774,5350.047169811321,11400.641025641024,6.468057564912815,42.79702784048156,55.55555555555556,0.6858540255831452,0.2742663656884876,0.433517247354513
24022,145,95257.0,27980.0,0.03480630584014626,0.4349437359339835,7666.677460050462,7740.0,5938.602576808722,8730.725966303271,5.928815465580171,34.61222301644032,69.56521739130434,0.7621872766261616,0.18030736240171552,0.7919757457356759
24024,319,109889.0,45002.0,0.01371964583150697,0.5521546664057915,8099.481435594101,7740.0,5006.284289276808,11000.0,6.912649173387832,36.87022798986712,55.38461538461539,0.7480334207368562,0.17294786898360073,0.1681703850387835
24025,110,45561.0,15708.0,0.051277405327052,0.46068447412353924,7234.990848776024,6450.0,3870.0,10750.0,6.307829064331336,42.346256684491976,85.71428571428571,0.8017570664629489,0.13216195569136746,0.5385097056981841
24026,62,22568.0,12740.0,0.0,0.7446808510638298,6558.35294117647,4300.0,2580.0,10499.999999999998,8.46774193548387,34.94285714285714,48.57142857142857,0.8285714285714286,0.17142857142857143,0.0
24027,51,8160.0,2880.0,0.0,0.5806451612903226,7498.333333333333,5160.0,2902.5,11394.999999999998,5.333333333333333,31.72222222222222,83.33333333333334,0.8888888888888888,0.05555555555555555,0.5385097056981841
24028,4442,874417.0,409593.0,0.03254356108472238,0.6012584405857094,13446.18373282839,10750.0,8000.0,15480.0,9.3790071694096,39.69603484434548,55.08838987099857,0.38298994367579525,0.554452834887315,0.43524876155478864
24029,75,22275.0,5940.0,0.0,0.3392857142857143,5421.272727272727,4300.0,1720.0,9030.0,5.08,32.4,55.00000000000001,1.0,0.0,0.08265497808390732
24032,137,53084.0,20980.0,0.032466334624608004,0.5866801664979188,9474.993731343284,7773.7696335078535,5160.0,10750.0,5.686534549016653,36.773307912297426,63.63636363636363,0.7733079122974261,0.20991420400381317,0.3590064704654561
24033,56,15120.0,4860.0,0.05263157894736842,0.37254901960784315,8622.777777777777,6000.0,1935.0,12875.0,7.127272727272727,31.555555555555557,50.0,0.8333333333333334,0.16666666666666666,0.011218952202045503
24035,2145,467228.0,218878.0,0.03299800748408417,0.6010292114424096,12142.603604748105,10750.0,8000.0,15000.0,8.880658667006038,41.337909703122286,56.12449799196787,0.35202715668089074,0.6033726550863951,0.651361740276465
24036,110,33140.0,14903.0,0.0,0.5662021622066017,5579.512526096033,5034.903474903475,2446.7266775777416,7967.215909090908,6.137839468919735,31.340870965577402,52.0,0.8832449842313628,0.052137153593236264,0.07167950955504745
24037,142,41231.0,20419.0,0.01395595904964265,0.6389592519623479,8975.704954954956,6450.0,2150.0,11815.929203539821,8.520288132715676,33.51946716293648,66.19718309859155,0.6474851853665704,0.2232724423331211,0.21189999213501162
24040,109,33749.0,16035.0,0.019985331866519986,0.6261049248077144,10323.988952456106,9242.930153321977,4909.049180327868,14408.30592105263,9.170493940561201,38.39987527284066,63.46153846153846,0.5101340816962894,0.4286872466479576,0.4487580880818201
24042,140,21790.0,11032.0,0.026817219477769938,0.6188579017264276,8354.770850423845,5160.0,2719.5394736842104,9025.953947368422,7.699463658220825,30.357142857142858,66.19718309859155,0.7998549673676577,0.14231327048585932,0.2750222456579771
24049,87,45588.0,20436.0,0.0,0.5416666666666666,5194.566666666667,3935.0,3870.0,6450.0,5.620689655172414,35.07692307692308,76.92307692307693,0.8461538461538461,0.05128205128205128,0.40388227927363807
24050,74,24050.0,8450.0,0.0,0.4727272727272727,8502.631578947368,8170.0,4622.5,12254.999999999998,5.486486486486487,19.807692307692307,73.07692307692307,0.5384615384615384,0.46153846153846156,0.6058234189104571
24051,101,33447.0,10692.0,0.03160945566524771,0.44738441590015804,7794.089291011569,8780.51575931232,3580.5271084337346,11180.0,5.4084372290489435,28.551533857089414,62.5,0.6504863449307894,0.3495136550692106,0.3149754622748979
24052,134,45840.0,14049.0,0.06787420382165606,0.4448773576551846,6762.168252759802,6416.347826086956,3578.7061403508774,10082.16814159292,5.179756017144741,27.434977578475337,56.09756097560976,0.877642536835362,0.07324364723467862,0.19031063679181068
24053,194,29084.0,15196.0,0.028699264940875678,0.6536267665588286,12433.603554190435,6590.3448275862065,4226.24584717608,13080.827586206891,9.576705134406744,32.81442484864438,59.80392156862745,0.6687286127928402,0.21946564885496184,0.22437904404091005
24054,270,97004.0,39632.0,0.03613989007247434,0.5774421684370685,4698.851518068072,3870.0,1248.6176470588234,6658.384615384617,6.659024370129067,29.47194186515947,66.34615384615384,0.9269277351635042,0.052684699232943076,0.11218952202045503
24056,43,13846.0,4830.0,0.16666666666666666,0.5625,6683.583333333333,7740.0,5160.0,8120.0,4.476190476190476,35.46666666666667,80.0,1.0,0.0,0.7517219787100814
24057,258,104091.0,48261.0,0.01902555033843527,0.6141610431782435,7574.103458451369,4868.280309544282,2150.0,10910.21413276231,6.970533537613583,41.042207994032445,66.95652173913044,0.8813120324900022,0.0881664283790224,0.26470482054448496
24058,49,42483.0,21675.0,0.0,0.5952380952380952,9662.866666666667,7740.0,4152.5,14297.499999999998,7.723404255319149,39.88,60.0,0.68,0.16,0.22437904404091005
25001,952,545922.0,247213.0,0.023876648503514175,0.5719731787354077,12265.24225617058,9890.0,7007.464973730299,14006.185567010301,9.00817332879056,38.47155287141048,84.18604651162791,0.49495374434192374,0.4664722324473228,0.939261114589856
25002,224,104454.0,40797.0,0.010789971388390475,0.4791180194937209,10757.831637451902,8730.337078651686,6115.8351648351645,12900.0,7.772595677557733,33.348309924749366,86.20689655172413,0.6631860185797975,0.2093781405495502,0.8077645585472761
25004,40,17800.0,6230.0,0.0,0.4,9498.461538461539,8600.0,5575.0,11610.000000000002,8.15,29.0,92.85714285714286,0.6428571428571429,0.35714285714285715,0.7853266541431851
25006,6291,840290.0,401847.0,0.03133918929342795,0.6074907839475657,13623.236517862204,11000.0,8600.0,16000.0,9.736536826781727,36.45254288323665,65.77203445990722,0.37882079497918364,0.5624951785132152,0.8734163371389849
25007,110,56760.0,21672.0,0.06666666666666667,0.6,9603.75,8600.0,4945.0,12450.0,6.818181818181818,30.904761904761905,85.71428571428571,0.7380952380952381,0.2619047619047619,0.8526403673554582
25009,38,15732.0,7452.0,0.0,0.6,12321.25,12900.0,9300.0,15050.0,9.026315789473685,30.5,88.88888888888889,0.3888888888888889,0.4444444444444444,1.2888749739094134
25010,192,86553.0,36397.0,0.016722498379079315,0.5247519138077686,9277.50369512244,8190.90813093981,5160.0,12900.0,8.430152623248183,29.630876171113005,70.0,0.6119460395087507,0.30211281149545294,0.5385097056981841
25011,1440,564020.0,251996.0,0.02549605745023957,0.5695278694190815,9983.355354716516,8600.0,6000.0,12270.226628895192,7.8703741285880096,35.51675820251115,78.0564263322884,0.6058310449372212,0.3399101573040842,0.8077645585472761
25012,988,522036.0,262811.0,0.025658802070203015,0.635985918327245,14803.931166641958,10750.0,8600.0,16000.0,9.697152351590937,36.58061496664904,70.8502024291498,0.43068593019318063,0.47251446857247226,0.8975161761636402
25013,55,27720.0,12600.0,0.0,0.5555555555555556,9286.904761904761,7740.0,6342.5,12155.0,6.236363636363636,42.28,84.0,0.64,0.24,0.8077645585472761
25015,509,275528.0,112095.0,0.020157166458335155,0.5291493559243357,11659.872262089795,9890.0,6450.0,13559.348484848484,8.226516104177419,35.70781926044873,79.06976744186046,0.5496944555957001,0.3599000847495428,0.8869938340108275
25017,58,28884.0,12450.0,0.0,0.5,8135.478260869565,6450.0,3096.0,11499.999999999998,7.5344827586206895,30.92,92.0,0.68,0.32,0.5654351909830932
26002,56,36736.0,15744.0,0.1111111111111111,0.6136363636363636,9138.157894736842,9030.0,6450.0,10642.5,6.490909090909091,29.791666666666668,79.16666666666666,0.7083333333333334,0.2916666666666667,0.6092468307233407
26003,72,22538.0,11693.0,0.0,0.6295698056318312,10212.886172982355,8000.0,5897.832786885247,14874.426229508195,7.331321230686067,24.079705806893013,59.45945945945946,0.7623364406054904,0.21157957752501497,0.26925485284909206
26004,66,33528.0,14732.0,0.03333333333333333,0.6666666666666666,9893.785714285714,9255.0,6020.0,12900.0,6.7272727272727275,37.172413793103445,96.55172413793103,0.8275862068965517,0.1724137931034483,0.6733780760626398
26014,133,51375.0,26220.0,0.027808676307007785,0.64130305552253,11224.90819402576,10000.0,6450.0,14930.333333333332,8.879656160458453,33.4570938215103,69.11764705882352,0.5572082379862701,0.31178489702517165,0.737685920841838
26017,108,35942.0,12590.0,0.10778825030118347,0.4939615640424266,18503.064066852367,15008.099173553719,12754.652892561984,22004.191321499016,9.289481218506642,39.532644956314535,66.66666666666666,0.3441620333598094,0.48832406671961875,0.9402912591442183
26018,794,404426.0,184450.0,0.01904994894486045,0.581946030596486,11825.872166429628,10000.0,8000.0,12900.0,8.908627315232877,37.55982651124966,75.34626038781164,0.40441312008674435,0.5134291135809163,0.8975161761636402
26019,120,102009.0,41073.0,0.06573709710438323,0.6023483955827145,15464.080017914459,14525.0,12000.0,20000.0,8.330525834294578,36.57721617607674,54.166666666666664,0.36374260463077934,0.5915321500742581,0.8948545861297539
26023,48,16416.0,7524.0,0.0,0.5365853658536586,16352.35294117647,10750.0,8600.0,14374.999999999995,9.27659574468085,35.13636363636363,77.27272727272727,0.5,0.4090909090909091,1.1218952202045502
26025,207,142978.0,67398.0,0.03366501304734322,0.6081922002616412,9780.097491519746,9460.0,7740.0,12040.0,7.842717696227171,37.94355915605804,80.76923076923077,0.4845544378171459,0.45007270245407877,0.8224675141859981
26026,91,17108.0,7520.0,0.024390243902439025,0.6212121212121212,7027.594594594595,7740.0,4386.0,8600.0,6.9222222222222225,42.125,92.5,0.65,0.325,0.6955750365268212
26027,30,5970.0,3184.0,0.0,0.6153846153846154,7406.153846153846,6450.0,3330.0,9137.5,7.7,18.75,81.25,0.6875,0.125,0.485284909204759
26029,423,203526.0,95155.0,0.012238669628583885,0.5951048471122591,12988.179313231622,9244.083969465648,7740.0,13853.760355029592,8.322161790634432,39.76498344805843,76.76767676767676,0.3802007251326783,0.5346539856024382,0.8526403673554581
26030,5931,966025.0,473694.0,0.02716656877282193,0.6306272477808037,14873.766797310742,12000.0,8600.0,17200.0,9.617923798451882,37.56963356090641,69.78246091094493,0.3538761310044037,0.5790721436201429,0.9423919849718222
26033,388,154501.0,63571.0,0.001711683417085427,0.5468300516088036,8418.036657383816,7740.0,5160.0,9460.0,7.4591506578904365,38.269368108099606,79.5031055900621,0.7259756807349264,0.2196599078196033,0.7034309934644646
26038,87,44604.0,20565.0,0.0,0.5497328853885554,10903.33817728877,9890.0,6880.0,15525.0,8.915926822706483,24.045660102115246,70.0,0.5946024799416484,0.3062971067347435,0.7766794883263262
26041,65,19370.0,6556.0,0.043478260869565216,0.5348837209302325,12498.333333333334,13975.0,8600.0,17200.0,7.953846153846154,47.81818181818182,81.81818181818183,0.22727272727272727,0.6818181818181818,1.1218952202045502
26042,300,149370.0,64364.0,0.04003102255100823,0.5521411331458856,12980.472716283888,10750.0,6980.322580645161,16384.90566037735,9.610714045359714,39.624541669256104,74.24242424242425,0.41168976446460753,0.5100211298241253,0.8958950135063114
26043,479,296617.0,148206.0,0.03836021749568513,0.6771339899909813,14234.315566507452,12900.0,9766.699475065618,17200.0,8.76033240132472,37.73206212973834,78.05907172995781,0.3339473435623389,0.6179844270812248,0.8337061894108874
26048,102,41234.0,22668.0,0.0559720139930035,0.7291471415182755,16631.890538290787,13861.31926121372,11367.485119047618,19350.0,8.417274229610188,41.57517204870302,58.82352941176471,0.5457473089818246,0.4208134815599082,0.8337061894108874
26052,41,14350.0,5950.0,0.0,0.4857142857142857,16082.5,9300.0,3000.0,14000.0,9.35,26.705882352941178,70.58823529411765,0.5294117647058824,0.29411764705882354,0.31308703819661865
26055,377,164032.0,69121.0,0.05702514290391673,0.5410107093564791,13078.664635109817,12900.0,8606.734785202863,15050.0,8.37540503199985,34.21991869330594,67.87878787878789,0.5322839657991059,0.3311439359962963,0.6413124533929903
26058,82,43296.0,18480.0,0.05405405405405406,0.6491228070175439,8728.46875,8600.0,4730.0,12020.0,6.853658536585366,32.57142857142857,91.42857142857143,0.6285714285714286,0.34285714285714286,0.8975161761636402
26071,57,24672.0,10284.0,0.0,0.530622774882617,7862.239725003737,5153.577596266045,2580.0,8517.113502935421,8.144002302063635,17.86182419292104,66.66666666666666,0.7323998444185142,0.18426682224815247,0.26925485284909206
26072,46,8372.0,3276.0,0.0,0.43902439024390244,6736.666666666667,6020.0,4300.0,8385.0,7.282608695652174,39.388888888888886,83.33333333333334,0.7222222222222222,0.2222222222222222,0.4936338968900021
26999,87,36629.0,17945.0,0.0,0.5922424813294759,8002.408391261171,6450.0,5160.0,10570.646934460889,6.779699016338312,34.531958762886596,88.37209302325581,0.5131791585399833,0.4225689607132906,0.6555829490668106
27001,97,33033.0,15594.0,0.023115955647434693,0.6212492702860478,6183.202275600505,6000.0,4385.365853658537,6500.0,6.244573608209972,36.104078491727584,91.30434782608695,0.8183916891111966,0.11831473643709119,0.6094945722344441
27002,770,333549.0,137197.0,0.043750087123799436,0.5597179304956241,8970.683938529815,8227.685290763966,5160.0,10750.0,8.157284195128119,38.67846964583774,73.7864077669903,0.6839362376728354,0.2944233474492883,0.6261740763932373
27003,325,140414.0,53908.0,0.0,0.5135677206229353,7823.7469287469285,6450.0,5000.0,9980.495594713657,6.819818536613158,33.983082288343105,80.31496062992126,0.8275209616383468,0.11812717963938563,0.6148198634109717
27004,5873,713521.0,325082.0,0.04650978620809001,0.5873624281857825,10370.953085856354,8600.0,6000.0,12900.0,9.34967142444445,40.34626648045724,63.555883437845814,0.5350219329276921,0.4210383841615346,0.5385097056981841
27005,319,146195.0,61790.0,0.022310126582278482,0.5814296310031523,8575.303994159975,6958.885017421603,3440.0,10750.0,7.4470330722664935,36.696779414144686,77.77777777777779,0.762324000647354,0.2083346819873766,0.5385097056981841
27006,541,170254.0,72492.0,0.03499687171363534,0.5835906622979673,8074.3734856853125,7740.0,4120.94668117519,10750.0,7.471648243213082,35.83261601280141,77.05627705627705,0.7364812668984164,0.24066103845941622,0.5385097056981841
27008,570,209946.0,80953.0,0.03482604859670458,0.5423564543168483,7813.484700760363,6450.0,3627.3493670886073,9996.774193548388,6.747906604555457,36.09921806480303,80.63063063063063,0.7680753029535656,0.19639790989833608,0.5385097056981841
27009,111,38883.0,21105.0,0.023323615160349854,0.7176374579210446,8542.858951175407,6450.0,2580.0,10129.069767441859,8.211866368335777,29.927363184079603,75.43859649122807,0.7488272921108742,0.21393034825870647,0.4487580880818201
27010,413,157735.0,63853.0,0.028482312666413084,0.5265832147479961,8758.99312008791,7740.0,5160.0,12000.0,8.785608774209908,38.84714892017603,69.36416184971098,0.6698823861055863,0.2957104599627269,0.4600963908392065
27011,367,91393.0,42325.0,0.012643758602188164,0.6065781515509346,6967.466257108968,5540.841328413284,3000.0,8600.0,6.851947452823971,34.20066154754873,76.0,0.7861547548730065,0.14320141760189015,0.4174493842621582
27012,657,223511.0,93676.0,0.039998360302934036,0.5461192319201432,8146.73063225374,7504.79381443299,3950.814843152257,10470.64543404735,8.102097883325653,37.514197873521496,74.62121212121212,0.7036700969298433,0.29345830308723686,0.5385097056981841
27013,866,124289.0,54239.0,0.03313843630788976,0.5799607155236705,8746.547784317348,8000.0,5160.0,10750.0,8.294153143077827,40.946920112833936,70.34313725490196,0.5257287191873007,0.45865521119489666,0.5385097056981841
27014,136,47128.0,20959.0,0.06005022872006458,0.575006556517178,8934.335339819416,8000.0,4300.0,10407.528641571193,7.953148871159396,39.60575409132115,61.904761904761905,0.6341905625268381,0.3124194856624839,0.4487580880818201
27016,52,20540.0,11455.0,0.0,0.7073170731707317,6942.9047619047615,7740.0,3345.0,8950.0,7.0576923076923075,36.827586206896555,72.41379310344827,0.8620689655172413,0.06896551724137931,0.40388227927363807
27017,350,128434.0,61319.0,0.014987470282079291,0.6503680949102272,8062.807323698794,6450.0,4846.98231511254,9876.768488745982,7.047338570637292,40.20491201748234,74.56647398843931,0.7254847600254407,0.23350022016014613,0.5833855145063661
28002,50,14900.0,7748.0,0.0,0.65,8911.09090909091,4865.0,3000.0,8600.0,6.551020408163265,23.692307692307693,84.61538461538461,0.7307692307692307,0.11538461538461539,0.403882279273638
28003,1772,249307.0,119383.0,0.031045062008960456,0.6135247110093807,11188.276675685574,9890.0,6450.0,13000.0,8.519676283685325,41.29743765862811,70.5952380952381,0.4589765712036052,0.5007245587730247,0.8077645585472761
28007,43,9675.0,3375.0,0.0,0.42857142857142855,8893.181818181818,8600.0,7578.75,9245.0,5.744186046511628,40.2,73.33333333333333,0.8,0.13333333333333333,0.5771812080536913
28008,19,7752.0,3264.0,0.0,0.5,3237.5,3225.0,2862.5,3612.5,5.368421052631579,31.625,50.0,0.875,0.0,0.13045293258192445
28009,1305,207756.0,91044.0,0.052207497475509845,0.5316601695714135,12293.329493825997,9460.0,6450.0,14189.6935483871,10.749331670364837,40.68500944598216,58.844133099824866,0.4255195290189359,0.5108738631870304,0.4487580880818201
28012,49,38171.0,17917.0,0.0,0.6176470588235294,9552.904761904761,8600.0,7525.0,9595.0,7.571428571428571,44.30434782608695,91.30434782608695,0.6086956521739131,0.30434782608695654,0.8975161761636402
28016,104,26962.0,11908.0,0.0,0.49343720890845966,5277.629652226968,5346.897637795275,2154.6934865900384,7471.604330708662,6.863511608931089,36.95347665435002,82.6086956521739,0.7819952972791401,0.08649647295935506,0.3414484054153261
28017,58,19082.0,8225.0,0.038461538461538464,0.65,6060.739130434783,6450.0,3580.0,8675.0,6.310344827586207,40.44,92.0,0.84,0.16,0.5218117303276978
28018,43,9331.0,3689.0,0.05555555555555555,0.4864864864864865,11094.666666666666,8000.0,6450.0,15399.999999999996,8.69767441860465,32.05882352941177,88.23529411764706,0.5294117647058824,0.35294117647058826,0.8348987685243164
28019,149,47549.0,19776.0,0.0,0.5018270401948843,13180.616439285957,6920.837569060774,5000.0,10750.0,7.378598919009863,30.072714401294498,74.24242424242425,0.7225424757281553,0.1891181229773463,0.6492436476287776
28021,451,166352.0,73386.0,0.0038955926866016044,0.552188577424674,9657.656705621373,8000.0,4534.764150943396,10000.0,8.090599824183235,35.65699179680048,84.72906403940887,0.6074319352465047,0.3486359796146404,0.6731371321227301
28022,1054,591525.0,249330.0,0.05315803864382063,0.555784036705391,13391.407859277537,12040.0,8600.0,14190.0,8.120421036953287,39.235310632495086,85.0,0.5132515140576746,0.45333092688404925,0.8016405667412378
28025,148,39294.0,19424.0,0.037605905960461775,0.6401408227346252,11149.856777915122,10750.0,7791.071428571428,12960.310218978102,7.94141599226345,38.656404448105434,62.5,0.5319192751235585,0.38344316309719934,0.5771812080536913
28027,810,455291.0,224459.0,0.004514872913867046,0.6296679280296467,12989.070897537069,12900.0,8600.0,15047.391991570074,8.63969752341247,39.48626697971567,97.18670076726342,0.2924943976405491,0.6333584307156318,0.9619686800894854
28032,5706,713278.0,326776.0,0.021573083498761907,0.5972168306789051,13575.409205226804,12900.0,10750.0,15050.0,8.497638536609358,43.24037567018386,67.2440338722094,0.34180294758488994,0.6363258011604279,0.8016405667412378
28033,275,133278.0,67501.0,0.04449068569163694,0.6300703614630178,13796.640757157718,12040.0,8600.0,15050.0,8.924728762436411,43.797632627664775,67.13286713286713,0.45442289743855646,0.4592524555191775,0.6413124533929903
28037,81,26027.0,10447.0,0.0,0.47588028970983465,9085.725302358998,7740.0,6431.085131894484,9350.0,5.8319821723594725,39.73896812482052,74.19354838709677,0.7103474681726811,0.19957882645735617,0.6943554264884853
28038,1977,306099.0,140000.0,0.02734548688305914,0.549956396683088,12014.805336212616,9460.0,6450.0,14620.0,10.2927504259531,38.43665714285714,55.03875968992248,0.4362142857142857,0.48020714285714283,0.31413066165727405
28039,94,32027.0,13147.0,0.0,0.49250767962838093,6656.3197586727,5915.0631136044885,3265.483870967742,8600.0,6.3011521528710155,33.76755153266905,67.5,0.9219593823686012,0.05202707842093253,0.2715317619675884
28040,282,78598.0,36114.0,0.03618895116092874,0.5708921343818772,13140.17065462754,12900.0,9460.0,16367.789473684208,9.463052494974427,42.83139502685939,61.29032258064516,0.5496206457329568,0.3457661848590574,0.6413124533929903
28041,632,413822.0,219148.0,0.021424807766157912,0.6524757811930949,12012.605971817535,9600.0,6450.0,14000.0,9.781897993209872,38.238446164236045,83.13609467455622,0.4421121798966908,0.5056080822092832,0.8975161761636402
28999,56,16464.0,7350.0,0.0,0.5952380952380952,5275.0,5000.0,3902.5,6450.0,5.410714285714286,31.88,60.0,0.92,0.08,0.31413066165727405
29001,35,4166.0,2288.0,0.0,0.6777251184834123,9707.216061185469,8600.0,2878.8135593220336,12526.483050847457,10.406144983197311,35.21416083916084,55.00000000000001,0.5201048951048951,0.27797202797202797,0.0
29002,276,27153.0,13247.0,0.012081437840256544,0.6085373623373077,12453.978004291845,8382.352941176472,6450.0,14000.0,9.899053511582514,41.67932362044237,57.692307692307686,0.6070808484939987,0.35026798520419716,0.2778681643802653
29003,64,6464.0,3030.0,0.0,0.5471698113207547,7098.863636363636,7870.0,3000.0,10320.0,7.765625,36.13333333333333,73.33333333333333,0.7333333333333333,0.26666666666666666,0.39266332707159246
29004,215,22716.0,11516.0,0.03583389149363697,0.6833623188405797,5500.3049530592425,4373.96,2580.0,7740.0,7.588924106356753,39.422889892323724,54.95495495495496,0.8032302882945467,0.15144147273358805,0.12004278856188709
29005,688,80803.0,34738.0,0.05170342869622188,0.5464445007980667,9647.779509175807,8600.0,5573.04659498208,12000.0,9.474533653727054,43.95759686798319,54.0268456375839,0.6234383096321032,0.33686452875813233,0.22437904404091005
29006,249,28164.0,13982.0,0.024284717376133986,0.6527136791582057,10109.159197404782,8270.855614973261,5740.061797752808,12103.764258555133,8.905446669507173,43.53947933056787,59.67741935483871,0.6985409812616221,0.27471034186811616,0.4893681355964487
29007,225,30222.0,13416.0,0.010546500479386385,0.5934176550396079,6232.298663155762,5590.0,3441.2418772563174,8600.0,6.2450863609291245,39.71630888491354,73.0,0.8616577221228384,0.11896243291592129,0.4487580880818201
29008,369,48174.0,23112.0,0.0,0.6096570275722932,7418.878492301261,7271.656050955419,3076.2508143322475,9687.418772563176,6.8806202515879935,37.5587140879197,63.42857142857142,0.7519470404984424,0.23706299757701627,0.26925485284909206
29009,33,2178.0,660.0,0.0,0.5263157894736842,6536.0,6880.0,5160.0,7955.0,6.03030303030303,49.3,50.0,0.8,0.2,0.20194113963681892
29010,812,95321.0,44132.0,0.029874041019102678,0.5948142516320164,8894.213784912456,8000.0,5147.577639751553,10750.0,9.06126048567439,41.921213631831776,60.62176165803109,0.6439771594307985,0.31124807395993837,0.40388227927363807
29011,191,17533.0,6811.0,0.0392156862745098,0.5553901598245065,6636.097890088322,6201.2972972972975,3813.324324324324,8719.690721649486,7.462653224882575,45.26486565849361,57.333333333333336,0.8373219791513727,0.12700044046395537,0.3019512938110309
29012,167,11526.0,4158.0,0.023943661971830985,0.47364909939959976,7315.605700712589,6450.0,4707.573529411765,9500.000000000002,7.41697032795419,37.333333333333336,60.317460317460316,0.8556998556998557,0.12121212121212122,0.37875182634105625
29013,783,107371.0,48701.0,0.021203472947986173,0.6155589311950594,9017.396847302727,8000.0,5160.0,11132.619647355163,8.037234885563791,42.42188045420012,65.59766763848397,0.6062298515430895,0.3642635674832139,0.5385097056981841
29014,214,24349.0,10128.0,0.015360684425432626,0.5245550512519761,9620.354299928928,7318.958333333331,5000.0,12018.75,7.221292211272832,44.47936413902054,58.42696629213483,0.7764612954186414,0.1983609794628752,0.19893399780946644
29015,125,22864.0,11681.0,0.029897849015862468,0.6984695736669501,7950.811088295688,6020.0,3241.4032697547686,11925.601604278074,7.058257522743177,31.287989042034074,62.5,0.8405102302885027,0.1594897697114973,0.293832611896625
29016,223,26282.0,12891.0,0.012335274287465522,0.5864485981308412,7921.450727883539,7000.0,5160.0,10750.0,9.429761814169394,41.09975952214724,68.51851851851852,0.6656582111550694,0.28578077728647894,0.5609476101022751
29017,184,20102.0,9453.0,0.013977260874100344,0.6193952707068097,6301.221188411926,5160.0,3870.0,7740.0,6.412446522734056,38.5352798053528,50.57471264367817,0.9307098275679678,0.06273140801861843,0.04918207328977547
29018,208,28482.0,13031.0,0.03808961393666494,0.6260166358595194,8429.201061626101,7839.272727272728,3916.271186440678,10750.0,8.31117899023945,40.60064461668329,59.79381443298969,0.7182871613843911,0.2817128386156089,0.2945732990347893
29020,69,11523.0,6012.0,0.05263157894736842,0.6545454545454545,6793.333333333333,6880.0,4300.0,8400.0,7.753623188405797,38.583333333333336,50.0,0.8888888888888888,0.08333333333333333,0.0448758088081821
29021,326,32768.0,15558.0,0.029928918817807706,0.6160306525272854,6685.869089939566,6450.0,4300.0,8000.0,6.899383544921875,41.88462527317136,69.5364238410596,0.9164417020182543,0.08355829798174573,0.5385097056981841
29022,71,5612.0,2624.0,0.0,0.6285714285714286,6552.131616595136,6123.4177215189875,4008.7974683544303,8600.0,7.978973627940128,39.40701219512195,52.77777777777778,0.7164634146341463,0.22408536585365854,0.26925485284909206
29023,198,21119.0,9836.0,0.02207198250149135,0.6618341424486267,6057.554270321661,6450.0,2580.0,8600.0,7.477674132297931,42.2298698657991,64.83516483516483,0.7955469703131354,0.18178121187474583,0.265273027953053
29024,135,10227.0,4027.0,0.07318757192174914,0.5191779185087824,8278.640082644628,7652.045454545457,3295.5291005291006,12000.0,9.228317199569766,36.77501862428607,57.692307692307686,0.5813260491681153,0.38142537869381676,0.2330482343788544
29025,573,81181.0,43069.0,0.01306171085496918,0.6732389912246027,7737.80609985377,7517.892561983472,4300.0,10620.148514851482,7.772898523871286,42.34953214609116,55.62913907284768,0.8306902876779122,0.16074206505839467,0.22437904404091005
29026,156,24005.0,9806.0,0.013183053235382913,0.5190118040321738,9918.083629592009,9624.91103202847,5842.802197802197,12900.0,8.598083732555718,43.62798286763206,61.29032258064516,0.5428309198449929,0.42606567407709567,0.42632018367772906
29027,152,18303.0,7656.0,0.009573091849935317,0.5667570936285652,8784.101513240857,7740.0,5160.0,9460.0,6.856416980822816,42.18247126436781,61.904761904761905,0.8262800417972832,0.1417189132706374,0.4487580880818201
29028,274,33265.0,14440.0,0.009466319110989161,0.595040297582145,8377.175961650883,7740.0,5146.294820717131,10320.0,7.591642867879152,44.37770083102493,59.82905982905983,0.6049168975069252,0.36606648199445985,0.40388227927363807
29029,141,15947.0,7355.0,0.018024032042723633,0.5939730372720063,9099.049642218248,7740.0,6365.686274509804,10750.0,8.371355113814511,44.0288239292998,62.121212121212125,0.6451393609789259,0.3492861998640381,0.33656856606136515
29030,195,34574.0,12780.0,0.014421223104804504,0.5173142902736775,8033.960441582337,7281.818181818182,5160.0,10750.0,6.833516515300515,41.91580594679186,68.05555555555556,0.8024256651017214,0.18450704225352113,0.5385097056981841
29031,267,41995.0,18078.0,0.018087013198631253,0.5569686680043217,7544.135605689064,7740.0,5160.0,9285.569620253165,7.912844695518959,49.12827746432127,68.96551724137932,0.6870229007633588,0.24654275915477375,0.5385097056981841
29032,222,18519.0,10030.0,0.016377365891928997,0.7247396979029184,6576.79888084266,6450.0,2580.0,8600.0,7.764080133916518,41.720338983050844,56.779661016949156,0.7959122632103689,0.18783649052841475,0.2540709426028726
29033,774,97391.0,46963.0,0.023475837977210347,0.6047330432814425,10861.653629445338,8600.0,5160.0,12900.0,10.413467363514082,39.264314460319824,58.108108108108105,0.5898899133360305,0.34967953495304815,0.38313612163017313
29034,365,46156.0,19016.0,0.01644770869970001,0.5777034093285923,7132.335103692463,6969.424778761062,4300.0,8689.583333333336,6.090670768697461,42.33987168700042,79.59183673469387,0.8265671013883046,0.1606541859486748,0.6731371321227301
29035,31,4163.0,2019.0,0.060930232558139535,0.5937586302126484,6752.197247706422,5944.671532846715,4041.5693430656934,8370.87591240876,7.175834734566418,37.90044576523031,53.333333333333336,0.9351163942545815,0.0,0.3641255578053132
29036,142,13847.0,7634.0,0.008185007145641158,0.6666377966395288,9500.668521816562,9675.206611570247,5160.0,12900.0,9.623212722497811,43.46371495939219,53.84615384615385,0.5991616452711553,0.35865863243384855,0.3278344726941528
29037,72,6336.0,2552.0,0.0,0.5576923076923077,7448.772727272727,6450.0,4300.0,10320.0,5.0,44.58620689655172,75.86206896551724,0.896551724137931,0.10344827586206896,0.6731371321227301
29038,142,16118.0,8429.0,0.03215064875416236,0.7063833238705491,8405.459193706982,7740.0,6450.0,10305.067567567567,8.770380940563346,45.76319848143315,64.28571428571429,0.6580851821093843,0.2843753707438605,0.5108938233546878
29039,281,34921.0,15475.0,0.04463514014075812,0.6143984220907298,7910.746132281175,7980.699708454811,4681.783088235294,10750.0,8.238165042683452,43.25990306946688,62.20472440944882,0.6416155088852988,0.34423263327948306,0.40388227927363807
29040,95,9399.0,4485.0,0.0,0.6756553178668273,8084.755879726109,6450.0,5036.396396396396,10421.415094339622,6.884349398872221,38.25529542920847,77.27272727272727,0.725752508361204,0.27424749163879597,0.5385097056981841
29041,231,29987.0,13770.0,0.06593406593406594,0.6140964758810298,8904.818501963971,7740.0,5160.0,12008.595744680852,8.51310660034951,44.233841684822075,54.20560747663551,0.6851851851851852,0.2803921568627451,0.13462742642454603
29042,72,9234.0,4304.0,0.03346058836739277,0.5273789243124848,5700.292297111417,4666.764705882353,2150.0,9200.0,9.185726662334849,36.2353624535316,35.294117647058826,0.6366171003717472,0.30111524163568776,0.0
29043,390,39037.0,20189.0,0.01252139887503057,0.6601549886987407,10471.853690505448,8600.0,6450.0,12000.0,9.071318188842529,43.978305017583835,63.10679611650486,0.652335430184754,0.2961513695576799,0.5385097056981841
29044,274,39914.0,20379.0,0.0430147922047429,0.6398154291573678,8958.267712227593,8600.0,4999.011299435029,12900.0,9.18923184847422,41.08528387065116,52.20588235294118,0.6360469110358703,0.31807252563913835,0.22437904404091005
29045,66,11748.0,3382.0,0.09523809523809523,0.4,6937.75,7170.0,3870.0,9675.0,7.878787878787879,36.78947368421053,84.21052631578947,1.0,0.0,0.6731371321227301
29048,124,12917.0,6167.0,0.01122334455667789,0.6200482606072794,7762.565868263473,7427.62331838565,4138.053097345133,10750.0,7.888286753890222,40.18712502026917,54.23728813559322,0.8822766336954759,0.10637262850656722,0.26746776311779275
29049,75,8709.0,3337.0,0.03387376954255935,0.49188265451438334,7838.798390701832,8600.0,4300.0,9481.75,8.3959122746584,40.71980821096793,68.96551724137932,0.7341923883727899,0.26580761162721006,0.4487580880818201
29050,171,16344.0,7039.0,0.025204265337210912,0.5904333605887163,8634.986979772146,5903.882783882784,3789.9812030075186,9966.508379888268,8.118820362212432,40.17275181133684,60.526315789473685,0.6806364540417673,0.3097030828242648,0.31405486777465663
29053,128,13501.0,7868.0,0.008318628686664987,0.7662403061738342,14844.405446293495,12772.102564102563,9155.569306930693,20769.000000000004,9.076364713724908,35.630782918149464,43.83561643835616,0.8413828164717845,0.15861718352821555,0.0
29054,64,5348.0,2740.0,0.0,0.6673161227471992,10907.092696629214,7934.057971014493,7123.333333333333,10847.826086956522,9.763649962602843,27.88905109489051,46.666666666666664,0.5372262773722628,0.3883211678832117,0.28905300379387805
29059,64,8050.0,4864.0,0.0,0.7360774818401937,7124.777636594663,4326.173913043478,4300.0,8614.589285714286,7.6372670807453416,38.76932565789474,46.15384615384615,0.9734786184210527,0.02652138157894737,0.0
29999,467,50147.0,22325.0,0.04618473895582329,0.5821368402524579,7351.67682059726,6450.0,3440.0,9000.800970873786,7.4763395616886354,43.992340425531914,59.43396226415094,0.7877715565509519,0.20080627099664053,0.26925485284909206
30003,115,91839.0,38604.0,0.0,0.5493041919235038,6922.738701506466,6985.220729366603,2200.1316371681414,9131.103646833013,6.1105943663830065,36.72691949020827,57.14285714285714,0.8136462542741685,0.11610195834628535,0.16130173453756866
30006,217,171163.0,54920.0,0.03880147715140802,0.45736377265024114,7678.013677775399,6257.401894451963,2580.0,8475.0,6.507042994105034,39.50345957756737,76.47058823529412,0.7362345229424617,0.22496358339402767,0.4487580880818201
30010,137,68233.0,26317.0,0.0,0.5623050296995855,9233.012340470414,7073.704761904762,5969.589178356713,8881.3627254509,6.649465351214037,37.6354447695406,71.69811320754717,0.6705551544628947,0.21962989702473687,0.6731371321227301
30011,54,54486.0,22198.0,0.08333333333333333,0.5714285714285714,8657.058823529413,8000.0,7417.5,10427.5,7.415094339622642,42.09090909090909,77.27272727272727,0.8181818181818182,0.13636363636363635,0.8077645585472761
30012,39,14391.0,5166.0,0.0,0.4117647058823529,12075.615384615385,13600.0,7935.0,15250.0,9.692307692307692,39.5,92.85714285714286,0.35714285714285715,0.6428571428571429,1.3358380296389063
30014,91,121979.0,47827.0,0.04873003560276071,0.5233044672967234,6586.971723726905,6450.0,4300.0,8519.769870773589,6.662277933086843,50.580759821857946,63.1578947368421,0.5952704539276977,0.35040876492357875,0.4487580880818201
30015,86,65571.0,20952.0,0.0,0.3640723557316374,6936.237040527804,7111.807817589576,3531.364522417154,10117.52427184466,6.448662879312733,38.723510882016036,89.65517241379311,0.8230240549828178,0.11798396334478808,0.6731371321227301
30019,52,52520.0,15150.0,0.0625,0.43243243243243246,3830.4545454545455,3870.0,1827.5,6181.25,3.1538461538461537,35.6,73.33333333333333,1.0,0.0,0.22437904404091005
30021,117,75205.0,26564.0,0.0,0.4623524906882027,8401.627607947239,7740.0,3010.0,12012.370242214532,7.458918954856725,40.19650655021834,90.47619047619048,0.6141770817647945,0.38582291823520554,0.8077645585472761
30024,57,49704.0,23544.0,0.0,0.627906976744186,6844.041666666667,6450.0,3440.0000000000005,9460.0,5.982456140350878,36.888888888888886,88.88888888888889,0.9259259259259259,0.0,0.6282613233145481
30025,170,83828.0,27252.0,0.0,0.4308752845939793,3746.00064970222,3870.0,1677.0,5163.673561151079,4.0917694980232415,36.58248935857919,64.81481481481481,0.9183913107294878,0.0,0.17501565435190983
30028,863,123028.0,52701.0,0.023332097850259453,0.5282237081111864,12491.343053881907,9890.0,6880.0,15021.61921708185,10.19503525816494,39.55173526119049,57.06666666666666,0.44892886282992733,0.4565947515227415,0.3652458877329039
30031,57,54606.0,29698.0,0.0,0.6666666666666666,5959.4,5160.0,3870.0,7962.5,5.631578947368421,32.67741935483871,80.64516129032258,0.8387096774193549,0.06451612903225806,0.40388227927363807
30032,132,147380.0,61370.0,0.022646196967766593,0.566750397103912,6214.5915211648735,5160.0,2580.0,7651.248241912798,5.321685439001222,34.2058497637282,72.22222222222221,0.9498126120254196,0.0,0.3442232725976771
30034,71,60208.0,20352.0,0.0,0.39344262295081966,6870.666666666667,6450.0,3870.0,9030.0,8.183098591549296,46.083333333333336,75.0,0.75,0.20833333333333334,0.5160718012940929
30036,87,23838.0,7946.0,0.09375,0.4266666666666667,8231.521739130434,7740.0,5321.25,9782.5,7.666666666666667,43.724137931034484,79.3103448275862,0.6206896551724138,0.2413793103448276,0.6731371321227301
30038,223,147846.0,77766.0,0.007352378034770621,0.6272980590609186,8283.76399571935,8400.0,5160.0,10320.0,8.4161185104648,42.201039014479335,77.11864406779661,0.6252603965743384,0.2589820744284134,0.6731371321227301
30039,5163,258145.0,115072.0,0.034655168074629,0.5459037508651788,11133.848418542675,9000.0,6020.0,14000.0,9.344182024283928,39.698553948832036,62.48371689101172,0.5055791156840934,0.43445842602892104,0.5385097056981841
30040,84,115338.0,43053.0,0.0,0.4764397326368908,9781.86206672091,9469.673631314467,7275.294416243655,13125.880722460657,8.080121035565035,43.641860032982606,75.86206896551724,0.5645831881634265,0.3704736023041368,0.8077645585472761
30044,126,277883.0,105650.0,0.08109659575208308,0.4972128162880508,8993.08483540852,9000.0,5375.0,10750.0,8.199810711702407,46.39755797444392,66.0,0.733289162328443,0.266710837671557,0.5385097056981841
30045,76,65943.0,33840.0,0.0,0.6333045231921637,8673.658292036418,6688.027681660899,4298.1433506044905,9027.396193771627,8.105318229379918,40.310017730496455,76.92307692307693,0.7691489361702127,0.12828014184397163,0.6282613233145481
30046,22,20284.0,11986.0,0.0,0.8666666666666667,5676.2,5308.499999999999,3225.0,7740.0,4.7272727272727275,38.53846153846154,76.92307692307693,0.9230769230769231,0.07692307692307693,0.36349405134627427
30047,78,37596.0,13496.0,0.0,0.5384615384615384,3920.5625,2902.5,1091.5,6342.5,3.782051282051282,32.107142857142854,57.14285714285714,0.9285714285714286,0.0,0.08693383427259445
30048,207,225495.0,101513.0,0.051315838660237,0.6280425174759504,8014.383724248131,6450.0,2710.1298502902537,12086.42944785276,7.5006009002416905,34.93446159605174,64.64646464646465,0.761390166776669,0.23827490075162788,0.30768653390296746
30051,68,36516.0,15036.0,0.0,0.5,10066.08695652174,9030.0,7525.0,12040.0,7.088235294117647,48.82142857142857,82.14285714285714,0.8571428571428571,0.03571428571428571,0.9423919849718222
30052,61,51789.0,22923.0,0.06896551724137931,0.5576923076923077,7161.0526315789475,7740.0,6450.0,7740.0,6.836065573770492,36.148148148148145,70.37037037037037,0.7407407407407407,0.2222222222222222,0.6731371321227301
30055,52,39416.0,17434.0,0.0,0.5227272727272727,4515.611111111111,3655.0,1548.0,6450.0,7.865384615384615,37.43478260869565,78.26086956521739,0.782608695652174,0.13043478260869565,0.21738676685451888
30059,54,44010.0,22005.0,0.03571428571428571,0.627906976744186,6618.692307692308,5160.0,2580.0,9460.0,6.185185185185185,36.629629629629626,48.148148148148145,0.8518518518518519,0.14814814814814814,0.0
30061,58,57420.0,33660.0,0.0,0.7272727272727273,5281.944444444444,5705.0,3870.0,7740.0,5.706896551724138,25.529411764705884,52.94117647058824,0.9411764705882353,0.0,0.14584637862659156
30065,17,18620.0,16779.0,0.0,0.8934298118668597,15000.84612075147,14337.21189591078,10188.074349442379,17181.561338289965,13.874489795918368,44.826628523749925,73.33333333333333,0.40079861731926814,0.5992013826807319,1.3131762699423253
30066,60,64620.0,29079.0,0.0,0.6,5180.944444444444,6450.0,2150.0,6450.0,5.25,38.51851851851852,66.66666666666666,0.8148148148148148,0.037037037037037035,0.22437904404091005
30068,14,46242.0,23121.0,0.0,0.6363636363636364,9258.333333333334,9100.0,8000.0,10000.0,9.285714285714286,50.285714285714285,85.71428571428571,0.2857142857142857,0.7142857142857143,0.8975161761636402
30071,67,72293.0,34528.0,0.0,0.6078431372549019,7228.466666666666,7740.0,5375.0,8600.0,6.149253731343284,42.0,93.75,0.90625,0.03125,0.8077645585472761
30074,12,44556.0,3713.0,0.0,0.1,8600.0,8600.0,8600.0,8600.0,8.0,40.0,100.0,1.0,0.0,0.8975161761636402
30077,96,23136.0,12050.0,0.0,0.6282051282051282,9382.3,7095.000000000002,5396.0,10500.0,6.627659574468085,39.4,80.0,0.7,0.28,0.6731371321227301
30078,55,47080.0,20544.0,0.0,0.5106382978723404,4971.3,3547.5,3225.0,5333.0,6.545454545454546,29.958333333333332,41.66666666666667,0.9583333333333334,0.041666666666666664,0.0
30082,64,41344.0,12274.0,0.13636363636363635,0.4489795918367347,9498.461538461539,8600.0,5482.5,10965.0,6.421875,38.421052631578945,68.42105263157895,0.6842105263157895,0.2631578947368421,0.5833855145063661
30085,29,73163.0,40502.0,0.0,0.61779465824677,10727.694290332445,9121.616556032799,2491.024191949237,18700.71846934791,9.815261812664872,47.07720606389808,56.25,0.6284134116833736,0.30835514295590344,0.19477957848376395
30086,144,97140.0,46768.0,0.018901172669869307,0.6134978097255983,7151.125679655641,6450.0,5160.0,9022.49167591565,6.855538398188182,45.956829456038314,75.71428571428571,0.6981696886760178,0.24403438248374956,0.5385097056981841
30087,350,569740.0,229088.0,0.023083057215107824,0.48763755687347676,8162.242993502457,7740.0,6216.181857358328,10320.0,9.045487757426796,41.8266168459282,72.14285714285714,0.5047099804441961,0.46818689761139826,0.6762632464081959
30091,120,93516.0,46745.0,0.024825284239073746,0.673431439487485,5069.193760721267,3335.35462184874,872.6425855513309,7740.0,5.112044997647462,26.237437159054444,55.932203389830505,0.8649695154561985,0.0802438763504118,0.04351909830932999
30092,93,98450.0,47914.0,0.0,0.6180957533134974,9043.19885487778,8482.63358778626,3356.915913200723,14000.0,7.342012430707206,39.86993363108903,75.55555555555556,0.6124306048336603,0.3438243519639354,0.47856110614526914
30097,42,33138.0,14202.0,0.0,0.46153846153846156,7985.375,7095.0,6000.0,10148.0,8.452380952380953,39.55555555555556,88.88888888888889,0.4444444444444444,0.5,0.6731371321227301
30099,64,40448.0,15800.0,0.0,0.5102040816326531,7411.111111111111,8170.0,4400.0,8600.0,5.46875,44.12,72.0,0.72,0.28,0.6731371321227301
30101,92,111420.0,44973.0,0.0,0.5862690874113262,5658.381221415119,4300.0,2694.6570247933882,7609.400826446282,5.182875605815832,31.860116069641784,78.37837837837837,0.771462877726636,0.18010806483890335,0.3221268873628411
30102,101,66272.0,33358.0,0.013135317436838058,0.6205617771250229,7638.674154664996,6645.1396348012895,5160.0,10535.0,7.248113833896668,40.76212602674021,78.43137254901961,0.8085017087355357,0.10905929612087055,0.564684541090302
30105,61,34648.0,16472.0,0.0,0.6170212765957447,7733.846153846154,7632.5,6450.0,10535.0,6.590163934426229,41.689655172413794,89.65517241379311,0.6551724137931034,0.3103448275862069,0.7305364224587769
30108,106,246425.0,115699.0,0.016047828823159218,0.5951401225851187,15687.050391289144,12600.79365079365,6201.923076923077,25226.76083221989,9.536925121259868,31.37917354514732,67.3913043478261,0.5899273113855781,0.33318351930440193,0.8961775021133577
30109,119,90090.0,34131.0,0.0,0.46787481665273,6908.230288279971,6450.0,4716.7656587473,9418.32343412527,8.343656343656344,41.553719492543436,66.66666666666666,0.7524830798980399,0.23090445635932144,0.5385097056981841
30115,92,168445.0,74021.0,0.06026559008734512,0.6185159010600707,6374.8654688701,5160.0,3225.0,7639.795368874528,7.828614681349996,39.26237148917199,77.77777777777779,0.7519487712946326,0.1923913484011294,0.3412421108641708
30118,105,192706.0,74380.0,0.023858893934223996,0.43732136502944247,10645.059641532756,8461.066249644584,2958.9813974591652,12356.581306017924,10.281688167467541,44.034982522183384,56.41025641025641,0.5966119924710944,0.35607690239311646,0.22437904404091005
30119,35,22120.0,10744.0,0.0,0.5862068965517241,9283.0,6450.0,2741.25,8550.0,7.685714285714286,32.1764705882353,88.23529411764706,0.7058823529411765,0.29411764705882354,0.6731371321227301
30123,52,18772.0,7456.0,0.0,0.5332189086748195,9061.196457990116,8600.0,7426.323119777158,9421.726844583987,6.781855955678671,40.62204935622318,66.66666666666666,0.5375536480686696,0.4624463519313305,0.7558886235740296
30124,273,221876.0,86276.0,0.0128604118993135,0.5193723906850067,8064.31824396842,7102.714681440443,3870.0,10535.0,6.860250770700752,37.7671310677361,81.48148148148148,0.738096341972275,0.14401455793036302,0.6731371321227301
30125,85,30685.0,11552.0,0.0,0.49206349206349204,6865.666666666667,5160.0,2741.25,10964.999999999998,5.270588235294118,43.96875,46.875,0.90625,0.0625,0.0
30126,57,25764.0,10396.0,0.041666666666666664,0.5111111111111111,8982.214285714286,8277.5,5375.0,10320.0,6.368421052631579,46.91304347826087,60.86956521739131,0.6956521739130435,0.30434782608695654,0.4487580880818201
30128,80,95360.0,36952.0,0.0,0.5,7677.391304347826,7740.0,4300.0,8600.0,5.9625,47.25806451612903,74.19354838709677,0.8709677419354839,0.03225806451612903,0.5385097056981841
30131,141,226737.0,78317.0,0.05378825405647042,0.4260557580249964,9431.640372922579,8477.24028548771,6745.567867036011,10071.480144404331,9.817220159008942,37.805457308119564,68.0,0.49175785589335647,0.44124519580678523,0.6005938420032964
30133,256,45129.0,19607.0,0.0256422998558863,0.5193166275258716,9133.91534090909,8200.0,5160.0,12900.0,7.554876022070066,40.44121997245882,67.5,0.6543581373999082,0.30672718926913856,0.5385097056981841
30135,47,114633.0,40354.0,0.06203658508239779,0.6034843107825673,7296.781671236006,6645.34716516023,4440.415981922761,8571.03533278554,5.947720115499028,38.02745700550131,87.5,0.6148089408732715,0.3190513951528969,0.6731371321227301
30138,22,85096.0,42548.0,0.0,0.6875,9634.545454545454,8600.0,7740.0,10535.0,8.090909090909092,41.27272727272727,100.0,0.6363636363636364,0.36363636363636365,0.8975161761636402
30141,50,38600.0,12352.0,0.0,0.4,3814.75,5267.5,763.5,5912.5,5.12,33.375,75.0,0.9375,0.0,0.11218952202045503
30143,54,42984.0,11144.0,0.0,0.3111111111111111,5006.8,5912.5,1505.0,7525.0,4.518518518518518,37.785714285714285,71.42857142857143,0.9285714285714286,0.0,0.24681694844500102
30144,71,28755.0,15795.0,0.025,0.7547169811320755,5683.260869565217,6000.0,2257.5,7740.0,6.242857142857143,32.743589743589745,58.97435897435898,0.8974358974358975,0.07692307692307693,0.22437904404091005
30148,47,48551.0,17561.0,0.0,0.4358974358974359,5991.0,6450.0,4246.25,7740.0,5.042553191489362,34.11764705882353,88.23529411764706,0.8823529411764706,0.0,0.6731371321227301
30150,56,42728.0,16786.0,0.0,0.5,5647.333333333333,5160.0,3278.75,8385.0,6.218181818181818,33.95454545454545,68.18181818181817,0.8636363636363636,0.13636363636363635,0.3477875182634106
30155,128,125626.0,49727.0,0.039667059346092194,0.5304778101053149,7892.09620586965,7617.950340798442,5160.0,9795.941910966343,7.787408657443523,37.43413035172039,88.23529411764706,0.7570937317754942,0.20586401753574518,0.6731371321227301
30157,42,37296.0,19536.0,0.0,0.5945945945945946,6456.857142857143,5926.5,4515.0,7740.0,7.476190476190476,35.36363636363637,63.63636363636363,0.9090909090909091,0.09090909090909091,0.43753913587977455
30158,92,75348.0,28466.0,0.0,0.4569914914111414,8121.714380274698,8600.0,4952.975806451614,10394.341846758349,7.808833678398896,36.42703576196164,85.71428571428571,0.7262699360640764,0.21618773273378766,0.8305626813716579
30160,59,54162.0,22032.0,0.0,0.5217391304347826,7082.105263157895,6020.0,5160.0,8772.5,6.966101694915254,35.0,79.16666666666666,0.7083333333333334,0.20833333333333334,0.5609476101022751
30161,65,52975.0,26080.0,0.0,0.6153846153846154,5636.523809523809,6450.0,3332.5,6720.25,6.1692307692307695,35.65625,65.625,0.875,0.125,0.3365685660613651
30167,68,63172.0,26012.0,0.0,0.509090909090909,2656.6,1000.0,656.0,4837.5,7.1911764705882355,27.642857142857142,71.42857142857143,0.8214285714285714,0.0,0.07654978083907325
30169,62,55180.0,21360.0,0.0,0.5217391304347826,4560.833333333333,3696.0,2150.0,6450.0,4.838709677419355,29.791666666666668,75.0,0.7916666666666666,0.08333333333333333,0.2650803590064705
30173,153,145660.0,68686.0,0.0,0.5831906454083169,5949.171596585072,5590.0,2580.0,7740.0,6.102567623232185,36.93963835424977,81.94444444444444,0.7371807937570976,0.16648225256966484,0.45556787122919074
30174,98,57886.0,28820.0,0.04089986355619155,0.6434199820136183,8194.371743794054,8000.0,4359.1293734743695,11006.305939788446,9.263673427080814,38.767626648161,73.33333333333333,0.6029840388619014,0.3705759888965996,0.4649155700977847
30175,86,59662.0,22755.0,0.0,0.4895864710185464,7871.631490542613,7685.968708388815,5520.410117878192,8933.059921414539,6.708105661895344,45.961634805537244,69.6969696969697,0.8657877389584707,0.0894748406943529,0.4736820306903211
30177,47,55554.0,27186.0,0.0,0.5789473684210527,7633.909090909091,7525.0,5697.5,8385.0,7.108695652173913,44.391304347826086,47.82608695652174,0.8695652173913043,0.08695652173913043,0.0
30178,139,75911.0,27847.0,0.04345287166804067,0.4468800368408934,7400.231760039221,6880.0,4332.869018653691,9234.802371541502,6.7191485420966295,30.358279168312563,78.0,0.7370991489208891,0.22695442956153267,0.6332185347526612
30182,12,31464.0,15732.0,0.0,0.6666666666666666,9117.6,5160.0,4257.0,16000.0,9.666666666666666,40.666666666666664,83.33333333333334,0.6666666666666666,0.3333333333333333,0.4936338968900021
30183,231,181731.0,70498.0,0.04049106474487227,0.515401073269966,7777.7913347775375,6880.0,5387.737127371273,8600.0,6.721054745750587,36.76443303356123,80.85106382978722,0.9157990297597095,0.058569037419501264,0.6731371321227301
30189,47,120083.0,42081.0,0.06069196428571429,0.4987697754422685,6694.556247628683,7599.795330503335,4650.926811327694,8724.148372445117,8.720443360009327,36.301537510990705,75.0,0.7066609633801478,0.29333903661985217,0.6263744063079884
30193,4051,577826.0,250189.0,0.027739024665114815,0.5333473499270374,10951.771763677423,9030.0,6450.0,12900.0,9.320371994477393,41.98131012954207,66.66666666666666,0.4755364944102259,0.47076010536034757,0.6731371321227301
30196,67,64588.0,25064.0,0.0,0.5416666666666666,6978.176470588235,7740.0,4676.25,9223.5,5.333333333333333,41.69230769230769,65.38461538461539,0.6923076923076923,0.15384615384615385,0.43753913587977444
30201,44,42856.0,19480.0,0.0,0.5588235294117647,7256.545454545455,5375.0,2580.0,10320.0,5.295454545454546,39.5,55.00000000000001,0.9,0.05,0.1151638488833229
30204,62,25730.0,13695.0,0.05714285714285714,0.6481481481481481,6842.5,5590.0,4085.0,8815.0,7.17741935483871,33.666666666666664,84.84848484848484,0.8484848484848485,0.12121212121212122,0.5385097056981841
30205,37,12395.0,5695.0,0.05555555555555555,0.5806451612903226,13454.466666666667,10320.0,5000.25,15762.5,11.166666666666666,42.05882352941177,88.23529411764706,0.47058823529411764,0.17647058823529413,0.8975161761636402
30207,97,64186.0,22949.0,0.0,0.4662914499349805,7073.709417596035,6683.006535947714,3870.0,8533.67320261438,6.0779453463372075,38.91982221447557,96.96969696969697,0.741557366334045,0.25844263366595494,0.6611360307475571
30208,28,22876.0,8987.0,0.0,0.4782608695652174,5304.3,4730.0,4300.0,8600.0,5.785714285714286,27.818181818181817,90.9090909090909,1.0,0.0,0.4487580880818201
30211,28,23912.0,9394.0,0.0,0.5,8865.0,9030.0,8540.0,10535.0,5.785714285714286,47.27272727272727,63.63636363636363,0.6363636363636364,0.36363636363636365,0.889167188478397
30999,87,43152.0,17856.0,0.0,0.5142857142857142,6423.916666666667,5160.0,3225.0,8600.0,6.423529411764706,36.80555555555556,66.66666666666666,0.9166666666666666,0.0,0.3365685660613651
31002,47,10998.0,7254.0,0.0,0.75,7641.5,7525.0,3440.0,10320.0,6.127659574468085,36.483870967741936,96.7741935483871,0.7741935483870968,0.22580645161290322,0.7628887497390942
31004,62,17484.0,9024.0,0.0,0.6153846153846154,9803.95652173913,10320.0,8277.5,12577.5,9.564516129032258,23.40625,71.875,0.4375,0.5,0.8975161761636402
31007,64,15744.0,8610.0,0.0,0.625,9085.576923076924,8600.0,4300.0,12900.0,7.515625,34.48571428571429,74.28571428571429,0.6,0.37142857142857144,0.5385097056981841
31015,70,23240.0,14940.0,0.0,0.8301886792452831,7618.3488372093025,7740.0,3655.0000000000005,10000.0,6.2,27.533333333333335,95.55555555555556,0.6666666666666666,0.3333333333333333,0.8077645585472761
31019,132,41500.0,16489.0,0.02119197435593019,0.5532529803934447,7071.988023489414,5160.0,2115.1103202846975,10750.0,4.901879518072289,31.554733458669418,79.24528301886792,0.9180059433561768,0.08199405664382316,0.4487580880818201
31020,63,15183.0,8435.0,0.0,0.660377358490566,9308.78125,8600.0,6665.0,10575.0,7.857142857142857,31.97142857142857,91.42857142857143,0.7142857142857143,0.2571428571428571,0.8975161761636402
31025,80,20160.0,11340.0,0.0,0.6825396825396826,5639.72972972973,6020.0,3870.0,7131.250000000001,7.175,34.644444444444446,82.22222222222221,0.9333333333333333,0.0,0.5385097056981841
31027,52,17056.0,8528.0,0.0,0.6190476190476191,7800.909090909091,6450.0,4300.0,10750.0,7.788461538461538,40.26923076923077,84.61538461538461,0.6923076923076923,0.3076923076923077,0.6282613233145481
31029,42,14070.0,7370.0,0.043478260869565216,0.575,7407.2,6450.0,3977.4999999999995,9030.0,6.595238095238095,30.0,90.9090909090909,0.9090909090909091,0.0,0.6506992277186391
31032,147,41483.0,18049.0,0.025695006747638326,0.5918433719266294,5409.42389910218,4616.6017699115055,1106.7610619469026,6880.0,5.7764867536099125,36.16599257576597,75.80645161290323,0.9324616322233918,0.06753836777660813,0.22437904404091005
31033,73,16936.0,8584.0,0.02631578947368421,0.6785714285714286,8601.25,8907.5,5160.0,12255.0,8.520547945205479,39.75675675675676,43.24324324324324,0.6756756756756757,0.32432432432432434,0.0
31040,124,26856.0,12618.0,0.018894331700489854,0.6189839572192514,7545.6696588868945,6450.0,3730.25,9002.553191489364,5.257037533512064,26.067047075606276,78.68852459016394,0.8373751783166904,0.12410841654778887,0.5289616612709114
31041,562,138690.0,78273.0,0.006624785836664763,0.7197467938178231,11239.386688543766,10750.0,7259.521072796936,14000.0,8.109286898839137,41.20998300818928,78.36990595611285,0.4913060697814061,0.4762050771019381,0.9384454941232693
31044,154,42086.0,24832.0,0.011307533046663482,0.7682774161241863,8376.331856937217,8600.0,4485.853873239436,10750.0,7.274819386632219,41.332313144329895,72.52747252747253,0.6596327319587629,0.32981636597938147,0.5833855145063661
31047,49,12936.0,6864.0,0.0,0.6666666666666666,9485.238095238095,8600.0,4031.25,12900.0,6.408163265306122,34.46153846153846,80.76923076923077,0.8461538461538461,0.038461538461538464,0.605823418910457
31048,56,20720.0,10730.0,0.0,0.6904761904761905,7826.607142857143,8600.0,2365.0,10750.0,6.054545454545455,46.48275862068966,96.55172413793103,0.7241379310344828,0.27586206896551724,0.8975161761636402
31050,4803,1031903.0,525052.0,0.020805359114373527,0.6217987125626936,13211.047998960212,10396.153846153846,7000.0,16000.0,9.979877470956874,38.36719029734198,68.83759274525968,0.4445026397385402,0.4881021308365648,0.8077645585472761
31052,169,32834.0,14536.0,0.0,0.6382156656129259,10336.264380420696,9251.093117408907,6450.0,12961.801619433198,6.113520526364563,42.471518987341774,68.75,0.8090258668134287,0.17184920198128784,0.6823639339337582
31053,237,60523.0,32440.0,0.006948908684605259,0.6388758507392631,8983.780969479354,6880.0,4300.0,10750.0,7.521190291294219,39.887638717632555,64.8,0.6685265104808878,0.28304562268803946,0.4315601733289838
31056,199,33519.0,19531.0,0.006561546286876907,0.7546664566433016,7853.508377970059,6450.0,4000.0,10320.0,5.698022017363287,37.242947109723005,77.27272727272727,0.8796272592289182,0.04623419179765501,0.5212789561660607
31059,371,61055.0,28998.0,0.011723808874650672,0.6139327168165828,9764.559125747493,8600.0,4300.0,12900.0,7.266686506952367,34.25850058624733,83.72093023255815,0.6821160080005517,0.24449962066349404,0.7322439853584096
31067,33,8580.0,4940.0,0.0,0.6333333333333333,14740.235294117647,8600.0,6337.5,11438.0,6.666666666666667,37.63157894736842,89.47368421052632,0.631578947368421,0.3157894736842105,0.8975161761636402
31069,69,14145.0,4510.0,0.043478260869565216,0.5,6822.5,4730.0,1975.0,12900.0,4.132352941176471,30.727272727272727,72.72727272727273,0.9545454545454546,0.045454545454545456,0.22437904404091005
31076,125,31107.0,14717.0,0.015980208611928323,0.6056286697712088,6894.786539696127,5669.163179916318,3870.0,8600.0,5.411932856905435,36.309166270299656,64.40677966101694,0.6602568458245567,0.3397431541754434,0.37722604884157784
31078,53,14787.0,7533.0,0.06896551724137931,0.6444444444444445,8446.153846153846,6450.0,3440.0,10750.0,7.245283018867925,34.666666666666664,96.29629629629629,0.7777777777777778,0.2222222222222222,0.6731371321227301
31079,419,86978.0,41582.0,0.0,0.6426579853268742,7110.965060843474,6450.0,3440.0,8763.942307692309,5.579477724437023,35.59393487566736,71.85929648241206,0.7836563897840412,0.16232985426386418,0.4487580880818201
31089,395,86708.0,45237.0,0.007459903021260724,0.6796653643114915,7418.928172555246,6450.0,3518.153536977492,9807.457983193277,7.908583505563924,35.90072285960608,79.71014492753623,0.7598647125140925,0.20328492163494485,0.5385097056981841
31090,71,17537.0,9880.0,0.0,0.7407407407407407,8529.117647058823,8600.0,4300.0,11610.0,6.549295774647887,28.65,85.0,0.75,0.2,0.8213316635357963
31093,59,15576.0,9240.0,0.027777777777777776,0.7659574468085106,7849.2307692307695,6425.0,4300.0,9400.0,6.694915254237288,45.48571428571429,74.28571428571429,0.6285714285714286,0.34285714285714286,0.5385097056981841
31096,488,104140.0,53041.0,0.005680113977204559,0.6661481846807542,7221.6026078660025,6020.0,4300.0,8600.0,6.160308945751514,36.90528082049735,87.5,0.7551328217793782,0.21051639297901623,0.5833855145063661
31098,130,20280.0,9984.0,0.0,0.6326530612244898,6188.2037037037035,6020.0,2580.0,8600.0,7.147286821705427,36.875,84.375,0.796875,0.15625,0.4711959924859111
31101,493,82765.0,42478.0,0.027763154883156713,0.6713657887406765,9570.437146597587,8600.0,6004.617834394904,12900.0,7.7116562185495505,38.56904750694477,85.49019607843137,0.5183859880408682,0.4693017562032111,0.8348987685243164
31102,633,174769.0,79474.0,0.010926921545201114,0.5857989896109783,9066.83580425428,8466.575539568346,5160.0,10750.0,7.403782159602752,40.581548682588014,70.19867549668875,0.6614741928177769,0.3123159775524071,0.6276916096505918
31104,85,18445.0,9765.0,0.0,0.8181818181818182,3345.96,950.0,608.75,2437.5,3.7738095238095237,27.0,55.55555555555556,0.9333333333333333,0.0,0.03652682112293884
31999,356,86028.0,44118.0,0.026951918835465372,0.7111487546270155,7880.854340590386,6880.0,3020.5951999999997,10158.837970540098,6.320470972254605,36.266399202139716,82.12290502793296,0.7751937984496124,0.18010789247019357,0.5385097056981841
32001,30,10110.0,4718.0,0.0,0.56,7728.888888888889,6880.0,5912.5,9007.5,6.766666666666667,39.642857142857146,64.28571428571429,0.9285714285714286,0.07142857142857142,0.5609476101022751
32002,62,14880.0,5040.0,0.0,0.4666666666666667,7497.8,5600.0,3870.0,9567.5,6.241935483870968,35.80952380952381,71.42857142857143,0.9523809523809523,0.047619047619047616,0.40388227927363807
32005,58,13050.0,5400.0,0.04,0.5208333333333334,9554.75,8600.0,4300.0,10175.0,8.206896551724139,33.375,66.66666666666666,0.2916666666666667,0.4583333333333333,0.44875808808182
32006,61,13481.0,1768.0,0.3333333333333333,0.2608695652173913,6020.0,5805.0,4515.0,7525.0,6.147540983606557,36.875,50.0,1.0,0.0,0.20194113963681903
32007,114,31764.0,12660.0,0.022846557579499844,0.5040852851918138,10748.998540856031,9077.81954887218,4708.576512455516,12900.0,6.377723208663896,47.1565560821485,64.44444444444444,0.6120063191153239,0.3879936808846761,0.46552662873968176
32008,55,16335.0,4752.0,0.0,0.42105263157894735,9580.4,9030.0,7740.0,11180.0,6.418181818181818,44.1875,62.5,0.625,0.375,0.7808390732623669
32010,989,236572.0,97768.0,0.04314124647666771,0.5659485784974757,9821.292898364634,8600.0,6450.0,11610.0,7.3165284903673,40.18653342606988,70.4156479217604,0.5743392521070289,0.3759819163734555,0.741357314290979
32012,152,26640.0,9001.0,0.04183521396636151,0.4920323073564724,9259.061907673495,7901.534391534391,4680.763358778626,12900.0,6.399664723587458,36.18086879235641,66.66666666666666,0.804577269192312,0.09854460615487168,0.6122342487401974
32016,115,23326.0,11974.0,0.0,0.6051142106327067,7495.801306477953,7584.161073825503,5160.0,9748.714285714284,7.314025312081552,35.91531651912477,62.71186440677966,0.8392350091865709,0.10230499415400034,0.4828124321469646
32017,3848,252046.0,109394.0,0.03253650296710974,0.5700176259648696,11953.968201724925,10000.0,7740.0,15000.0,9.202869414237412,40.20339323911732,67.76050662061024,0.42170502952629946,0.511042653161965,0.8077645585472761
32018,68,16048.0,4484.0,0.0,0.41304347826086957,9344.444444444445,8385.0,7000.0,9500.0,6.102941176470588,40.68421052631579,94.73684210526315,0.8947368421052632,0.10526315789473684,0.8526403673554581
32019,78,9750.0,4750.0,0.0,0.5588235294117647,8219.25925925926,7000.0,4515.0,11687.499999999998,9.166666666666666,42.86842105263158,71.05263157894737,0.5263157894736842,0.23684210526315788,0.5385097056981841
32020,301,86010.0,35348.0,0.016198163094906765,0.5422636762495014,9347.375,8600.0,5375.0,10750.0,7.372828559762002,39.28372185130701,57.25806451612904,0.6981441665723662,0.21842819961525403,0.3733406671083599
32021,176,36376.0,11638.0,0.0,0.3933351358658916,7622.738255033557,6450.0,3016.1428571428573,10913.316582914573,6.824884539256653,35.84206908403506,51.78571428571429,0.6891218422409349,0.2462622443718852,0.115191726496313
32022,48,13296.0,6648.0,0.07692307692307693,0.6341463414634146,6388.888888888889,5160.0,3543.5,8815.0,7.583333333333333,43.833333333333336,37.5,0.75,0.125,0.0
32024,175,36967.0,16241.0,0.08014272768463979,0.5716590392783064,9739.3815995307,8669.791666666666,6234.19776119403,11221.41638225256,8.343156787868725,40.13921556554399,67.53246753246754,0.6003940644049012,0.2888368942799089,0.5663233580324218
32025,53,19186.0,7964.0,0.0,0.5,6932.35294117647,7310.0,5805.0,8600.0,7.584905660377358,50.31818181818182,77.27272727272727,0.6363636363636364,0.2727272727272727,0.6506992277186391
32026,54,13932.0,4386.0,0.0,0.4358974358974359,7719.714285714285,5709.0,4300.0,12000.0,7.277777777777778,35.0,82.35294117647058,0.6470588235294118,0.29411764705882354,0.5385097056981841
32029,284,73456.0,24308.0,0.01026058631921824,0.5627328302607699,13702.682513705917,12431.955078125,7063.076923076923,17297.04861111111,4.330467362261729,42.06886621688333,51.61290322580645,0.7866545993088695,0.13950139871647194,0.09067214702781412
32031,40,9640.0,2892.0,0.0,0.375,12050.0,12900.0,6450.0,15050.0,5.615384615384615,42.083333333333336,50.0,1.0,0.0,0.26090586516384906
32032,70,14070.0,5427.0,0.03571428571428571,0.4666666666666667,12198.318181818182,8550.0,7525.0,9000.0,8.842857142857143,41.333333333333336,81.48148148148148,0.4444444444444444,0.4444444444444444,0.8348987685243164
32034,95,21702.0,6306.0,0.0,0.3614167812929849,12538.369883040936,12900.0,10107.142857142857,15050.0,5.859275642797899,44.21122740247383,64.28571428571429,0.9676498572787822,0.0,0.9616244744610428
32035,71,19738.0,6394.0,0.041666666666666664,0.4528301886792453,7839.7,8020.0,5267.5,9890.0,7.385714285714286,43.56521739130435,86.95652173913044,0.7391304347826086,0.2608695652173913,0.8077645585472761
32036,309,74046.0,24590.0,0.03504296982301927,0.4855587625670728,10249.130718954248,9460.0,7740.0,10750.0,6.717822453741386,43.102806018706794,78.125,0.6628710858072387,0.24538430256201707,0.8975161761636402
32038,195,52250.0,14934.0,0.014127277528386585,0.40091043828075373,8646.35708344885,8101.682242990655,6450.0,12151.434426229507,5.807234449760766,37.917235837685816,49.09090909090909,0.9271461095486808,0.051024507834471676,0.0
32039,287,64581.0,23786.0,0.037393767705382434,0.49901972797451294,8421.635482381906,8600.0,6192.334630350195,9890.0,7.248564689817832,41.312242495585636,54.71698113207547,0.6468090473387708,0.3043386866223829,0.357351945466856
32042,213,58975.0,22403.0,0.05196563835639626,0.4866150488035913,12046.935968901276,9927.688524590165,7750.297029702971,15010.983606557376,8.482528806163497,42.9599160826675,59.25925925925925,0.5040396375485426,0.4007498995670223,0.6731371321227301
32044,156,43158.0,16346.0,0.0,0.4735637511950633,11426.160849772383,10922.19387755102,8600.0,15000.0,7.038347467445202,45.58044781597945,50.877192982456144,0.6531873241159917,0.28012969533830906,0.2248948579352573
32047,142,27781.0,11741.0,0.0,0.5284216211350646,7565.490030674847,6279.426433915211,4126.675609756097,10653.491271820449,7.73910226413736,35.77378417511285,54.83870967741935,0.8547823865088152,0.08713056809471084,0.17950323523272804
32048,45,11655.0,5957.0,0.0,0.71875,8640.111111111111,8363.5,4300.0,12900.0,7.022222222222222,39.26086956521739,78.26086956521739,0.7391304347826086,0.2608695652173913,0.6731371321227301
32049,329,99011.0,37753.0,0.0,0.5317099277495317,7247.380383917486,6998.035714285715,4300.0,9030.0,6.861171122282859,35.508568855455195,54.761904761904766,0.7358355627367361,0.14300850263555215,0.1745087515281629
32051,127,40749.0,14946.0,0.06159352043699379,0.48477640342530925,7074.140932982918,7655.331858407079,4894.579646017699,8600.0,6.409187955532651,37.579486150140504,60.86956521739131,0.764953833801686,0.16940987555198717,0.3715884729350399
32052,40,11680.0,3504.0,0.07692307692307693,0.4482758620689655,11032.857142857143,10750.0,8472.5,12900.0,6.2,35.0,58.333333333333336,0.75,0.25,0.8213316635357963
32053,56,15176.0,4336.0,0.058823529411764705,0.38636363636363635,7963.363636363636,7740.0,3837.75,10212.5,7.017857142857143,25.6875,68.75,0.6875,0.1875,0.42407639323732
32054,57,16872.0,6216.0,0.125,0.5454545454545454,6576.875,5805.0,2407.0,9700.0,6.421052631578948,32.19047619047619,76.19047619047619,0.7142857142857143,0.2857142857142857,0.4487580880818201
32055,75,13720.0,4522.0,0.0,0.3989061397318278,10603.37446487031,10750.0,8613.138888888889,12939.416666666668,7.569241982507289,43.343653250774,88.0,0.5199026979212737,0.40048651039363115,1.1218952202045502
32056,2323,128815.0,58944.0,0.02633056922924444,0.5654975080182901,11794.17053014096,10000.0,7740.0,15000.0,10.298419280414043,38.67094191096634,57.73584905660377,0.36117331704668837,0.5577836590662324,0.5844291379670215
32999,106,22342.0,7779.0,0.0,0.45966068595142195,8571.637841577309,8800.0,2843.816425120773,13580.16194331984,6.763942350729567,29.181899987144877,70.27027027027027,0.829155418434246,0.10644041650597763,0.6167244250986794
